timestamp, memory.used [MiB], memory.total [MiB], utilization.gpu [%]
2026/09/09 09:19:30.773, 1 MiB, 46068 MiB, 0 %
2026/09/09 09:19:35.775, 1 MiB, 46068 MiB, 0 %
2026/09/09 09:19:40.776, 1 MiB, 46068 MiB, 0 %
2026/09/09 09:19:45.777, 4 MiB, 46068 MiB, 0 %
2026/09/09 09:19:50.779, 4 MiB, 46068 MiB, 0 %
2026/09/09 09:19:55.821, 4 MiB, 46068 MiB, 0 %
2026/09/09 09:20:00.823, 4 MiB, 46068 MiB, 0 %
2026/09/09 09:20:05.824, 4 MiB, 46068 MiB, 0 %
2026/09/09 09:20:10.826, 4 MiB, 46068 MiB, 0 %
2026/09/09 09:20:15.827, 1 MiB, 46068 MiB, 0 %
2026/09/09 09:20:20.828, 1 MiB, 46068 MiB, 11 %
2026/09/09 09:20:25.830, 1 MiB, 46068 MiB, 0 %
2026/09/09 09:20:30.832, 1 MiB, 46068 MiB, 0 %
2026/09/09 09:20:35.833, 1 MiB, 46068 MiB, 0 %
2026/09/09 09:20:40.835, 1 MiB, 46068 MiB, 0 %
2026/09/09 09:20:45.836, 1 MiB, 46068 MiB, 0 %
2026/09/09 09:20:50.838, 1 MiB, 46068 MiB, 0 %
2026/09/09 09:20:55.839, 1 MiB, 46068 MiB, 0 %
2026/09/09 09:21:00.840, 1 MiB, 46068 MiB, 0 %
2026/09/09 09:21:05.841, 1 MiB, 46068 MiB, 0 %
2026/09/09 09:21:10.843, 1 MiB, 46068 MiB, 0 %
2026/09/09 09:21:15.844, 1 MiB, 46068 MiB, 0 %
2026/09/09 09:21:20.846, 1 MiB, 46068 MiB, 0 %
2026/09/09 09:21:25.847, 1 MiB, 46068 MiB, 0 %
2026/09/09 09:21:30.848, 1 MiB, 46068 MiB, 0 %
2026/09/09 09:21:35.849, 1 MiB, 46068 MiB, 0 %
2026/09/09 09:21:40.851, 1 MiB, 46068 MiB, 0 %
2026/09/09 09:21:45.855, 1 MiB, 46068 MiB, 0 %
2026/09/09 09:21:50.856, 1 MiB, 46068 MiB, 0 %
2026/09/09 09:21:55.857, 1 MiB, 46068 MiB, 0 %
2026/09/09 09:22:00.858, 1 MiB, 46068 MiB, 0 %
2026/09/09 09:22:05.860, 1 MiB, 46068 MiB, 0 %
2026/09/09 09:22:10.861, 1 MiB, 46068 MiB, 0 %
2026/09/09 09:22:15.862, 1 MiB, 46068 MiB, 0 %
2026/09/09 09:22:20.864, 1 MiB, 46068 MiB, 0 %
2026/09/09 09:22:25.865, 1 MiB, 46068 MiB, 0 %
2026/09/09 09:22:30.866, 1 MiB, 46068 MiB, 0 %
2026/09/09 09:22:35.868, 1 MiB, 46068 MiB, 0 %
2026/09/09 09:22:40.869, 1 MiB, 46068 MiB, 0 %
2026/09/09 09:22:45.870, 1 MiB, 46068 MiB, 0 %
2026/09/09 09:22:50.871, 1 MiB, 46068 MiB, 0 %
2026/09/09 09:22:55.873, 1 MiB, 46068 MiB, 0 %
2026/09/09 09:23:00.874, 1 MiB, 46068 MiB, 0 %
2026/09/09 09:23:05.875, 1 MiB, 46068 MiB, 0 %
2026/09/09 09:23:10.877, 1 MiB, 46068 MiB, 0 %
2026/09/09 09:23:15.878, 1 MiB, 46068 MiB, 0 %
2026/09/09 09:23:20.880, 1 MiB, 46068 MiB, 0 %
2026/09/09 09:23:25.881, 1 MiB, 46068 MiB, 0 %
2026/09/09 09:23:30.882, 1 MiB, 46068 MiB, 0 %
2026/09/09 09:23:35.884, 1 MiB, 46068 MiB, 0 %
2026/09/09 09:23:40.885, 1 MiB, 46068 MiB, 0 %
2026/09/09 09:23:45.887, 1 MiB, 46068 MiB, 0 %
2026/09/09 09:23:50.888, 1 MiB, 46068 MiB, 0 %
2026/09/09 09:23:55.889, 1 MiB, 46068 MiB, 0 %
2026/09/09 09:24:00.891, 1 MiB, 46068 MiB, 0 %
2026/09/09 09:24:05.892, 1 MiB, 46068 MiB, 0 %
2026/09/09 09:24:10.893, 1 MiB, 46068 MiB, 0 %
2026/09/09 09:24:15.894, 1 MiB, 46068 MiB, 0 %
2026/09/09 09:24:20.896, 1 MiB, 46068 MiB, 0 %
2026/09/09 09:24:25.897, 1 MiB, 46068 MiB, 0 %
2026/09/09 09:24:30.899, 1 MiB, 46068 MiB, 0 %
2026/09/09 09:24:35.900, 1 MiB, 46068 MiB, 0 %
2026/09/09 09:24:40.901, 1 MiB, 46068 MiB, 0 %
2026/09/09 09:24:45.903, 1 MiB, 46068 MiB, 0 %
2026/09/09 09:24:50.904, 1 MiB, 46068 MiB, 0 %
2026/09/09 09:24:55.905, 1 MiB, 46068 MiB, 0 %
2026/09/09 09:25:00.907, 1 MiB, 46068 MiB, 0 %
2026/09/09 09:25:05.908, 1 MiB, 46068 MiB, 0 %
2026/09/09 09:25:10.909, 1 MiB, 46068 MiB, 0 %
2026/09/09 09:25:15.911, 1 MiB, 46068 MiB, 0 %
2026/09/09 09:25:20.912, 1 MiB, 46068 MiB, 0 %
2026/09/09 09:25:25.913, 1 MiB, 46068 MiB, 0 %
2026/09/09 09:25:30.914, 1 MiB, 46068 MiB, 0 %
2026/09/09 09:25:35.916, 1 MiB, 46068 MiB, 0 %
2026/09/09 09:25:40.917, 1 MiB, 46068 MiB, 0 %
2026/09/09 09:25:45.918, 1 MiB, 46068 MiB, 0 %
2026/09/09 09:25:50.919, 1 MiB, 46068 MiB, 0 %
2026/09/09 09:25:55.921, 1 MiB, 46068 MiB, 0 %
2026/09/09 09:26:00.922, 1 MiB, 46068 MiB, 0 %
2026/09/09 09:26:05.923, 1 MiB, 46068 MiB, 0 %
2026/09/09 09:26:10.925, 1 MiB, 46068 MiB, 0 %
2026/09/09 09:26:15.926, 1 MiB, 46068 MiB, 0 %
2026/09/09 09:26:20.927, 1 MiB, 46068 MiB, 0 %
2026/09/09 09:26:25.928, 1 MiB, 46068 MiB, 0 %
2026/09/09 09:26:30.929, 1 MiB, 46068 MiB, 0 %
2026/09/09 09:26:35.930, 1 MiB, 46068 MiB, 0 %
2026/09/09 09:26:40.931, 1 MiB, 46068 MiB, 0 %
2026/09/09 09:26:45.932, 1 MiB, 46068 MiB, 0 %
2026/09/09 09:26:50.933, 1 MiB, 46068 MiB, 0 %
2026/09/09 09:26:55.935, 1 MiB, 46068 MiB, 0 %
2026/09/09 09:27:00.936, 1 MiB, 46068 MiB, 0 %
2026/09/09 09:27:05.937, 1 MiB, 46068 MiB, 0 %
2026/09/09 09:27:10.938, 1 MiB, 46068 MiB, 0 %
2026/09/09 09:27:15.939, 1 MiB, 46068 MiB, 0 %
2026/09/09 09:27:20.941, 1 MiB, 46068 MiB, 0 %
2026/09/09 09:27:25.942, 1 MiB, 46068 MiB, 0 %
2026/09/09 09:27:30.943, 1 MiB, 46068 MiB, 0 %
2026/09/09 09:27:35.944, 1 MiB, 46068 MiB, 0 %
2026/09/09 09:27:40.945, 1 MiB, 46068 MiB, 0 %
2026/09/09 09:27:45.947, 1 MiB, 46068 MiB, 0 %
2026/09/09 09:27:50.948, 1 MiB, 46068 MiB, 0 %
2026/09/09 09:27:55.949, 1 MiB, 46068 MiB, 0 %
2026/09/09 09:28:00.950, 1 MiB, 46068 MiB, 0 %
2026/09/09 09:28:05.951, 1 MiB, 46068 MiB, 0 %
2026/09/09 09:28:10.952, 1 MiB, 46068 MiB, 0 %
2026/09/09 09:28:15.954, 1 MiB, 46068 MiB, 0 %
2026/09/09 09:28:20.955, 1 MiB, 46068 MiB, 0 %
2026/09/09 09:28:25.956, 1 MiB, 46068 MiB, 0 %
2026/09/09 09:28:30.957, 1 MiB, 46068 MiB, 0 %
2026/09/09 09:28:35.960, 1 MiB, 46068 MiB, 0 %
2026/09/09 09:28:40.961, 1 MiB, 46068 MiB, 0 %
2026/09/09 09:28:45.962, 1 MiB, 46068 MiB, 0 %
2026/09/09 09:28:50.964, 1 MiB, 46068 MiB, 0 %
2026/09/09 09:28:55.965, 1 MiB, 46068 MiB, 0 %
2026/09/09 09:29:00.966, 1 MiB, 46068 MiB, 0 %
2026/09/09 09:29:05.968, 1 MiB, 46068 MiB, 0 %
2026/09/09 09:29:10.969, 1 MiB, 46068 MiB, 0 %
2026/09/09 09:29:15.970, 1 MiB, 46068 MiB, 0 %
2026/09/09 09:29:20.971, 1 MiB, 46068 MiB, 0 %
2026/09/09 09:29:25.972, 1 MiB, 46068 MiB, 0 %
2026/09/09 09:29:30.973, 1 MiB, 46068 MiB, 0 %
2026/09/09 09:29:35.974, 1 MiB, 46068 MiB, 0 %
2026/09/09 09:29:40.975, 1 MiB, 46068 MiB, 0 %
2026/09/09 09:29:45.976, 1 MiB, 46068 MiB, 0 %
2026/09/09 09:29:50.977, 1 MiB, 46068 MiB, 0 %
2026/09/09 09:29:55.979, 1 MiB, 46068 MiB, 0 %
2026/09/09 09:30:00.980, 1 MiB, 46068 MiB, 0 %
2026/09/09 09:30:05.981, 1 MiB, 46068 MiB, 0 %
2026/09/09 09:30:10.982, 1 MiB, 46068 MiB, 0 %
2026/09/09 09:30:15.983, 1 MiB, 46068 MiB, 0 %
2026/09/09 09:30:20.984, 1 MiB, 46068 MiB, 0 %
2026/09/09 09:30:25.985, 1 MiB, 46068 MiB, 0 %
2026/09/09 09:30:30.987, 1 MiB, 46068 MiB, 0 %
2026/09/09 09:30:35.988, 1 MiB, 46068 MiB, 0 %
2026/09/09 09:30:40.989, 1 MiB, 46068 MiB, 0 %
2026/09/09 09:30:45.990, 1 MiB, 46068 MiB, 0 %
2026/09/09 09:30:50.991, 1 MiB, 46068 MiB, 0 %
2026/09/09 09:30:55.993, 1 MiB, 46068 MiB, 0 %
2026/09/09 09:31:00.994, 1 MiB, 46068 MiB, 0 %
2026/09/09 09:31:06.002, 1 MiB, 46068 MiB, 0 %
2026/09/09 09:31:11.003, 1 MiB, 46068 MiB, 0 %
2026/09/09 09:31:16.005, 1 MiB, 46068 MiB, 0 %
2026/09/09 09:31:21.006, 1 MiB, 46068 MiB, 0 %
2026/09/09 09:31:26.007, 1 MiB, 46068 MiB, 0 %
2026/09/09 09:31:31.009, 1 MiB, 46068 MiB, 0 %
2026/09/09 09:31:36.010, 1 MiB, 46068 MiB, 0 %
2026/09/09 09:31:41.012, 1 MiB, 46068 MiB, 0 %
2026/09/09 09:31:46.013, 1 MiB, 46068 MiB, 0 %
2026/09/09 09:31:51.014, 1 MiB, 46068 MiB, 0 %
2026/09/09 09:31:56.016, 1 MiB, 46068 MiB, 0 %
2026/09/09 09:32:01.018, 1 MiB, 46068 MiB, 0 %
2026/09/09 09:32:06.019, 1 MiB, 46068 MiB, 0 %
2026/09/09 09:32:11.020, 1 MiB, 46068 MiB, 0 %
2026/09/09 09:32:16.021, 1 MiB, 46068 MiB, 0 %
2026/09/09 09:32:21.022, 1 MiB, 46068 MiB, 0 %
2026/09/09 09:32:26.023, 1 MiB, 46068 MiB, 0 %
2026/09/09 09:32:31.024, 1 MiB, 46068 MiB, 0 %
2026/09/09 09:32:36.026, 1 MiB, 46068 MiB, 0 %
2026/09/09 09:32:41.027, 1 MiB, 46068 MiB, 0 %
2026/09/09 09:32:46.028, 1 MiB, 46068 MiB, 0 %
2026/09/09 09:32:51.029, 1 MiB, 46068 MiB, 0 %
2026/09/09 09:32:56.030, 1 MiB, 46068 MiB, 0 %
2026/09/09 09:33:01.031, 1 MiB, 46068 MiB, 0 %
2026/09/09 09:33:06.032, 1 MiB, 46068 MiB, 0 %
2026/09/09 09:33:11.034, 1 MiB, 46068 MiB, 0 %
2026/09/09 09:33:16.035, 1 MiB, 46068 MiB, 0 %
2026/09/09 09:33:21.037, 1 MiB, 46068 MiB, 0 %
2026/09/09 09:33:26.038, 1 MiB, 46068 MiB, 0 %
2026/09/09 09:33:31.039, 1 MiB, 46068 MiB, 0 %
2026/09/09 09:33:36.040, 1 MiB, 46068 MiB, 0 %
2026/09/09 09:33:41.041, 1 MiB, 46068 MiB, 0 %
2026/09/09 09:33:46.043, 1 MiB, 46068 MiB, 0 %
2026/09/09 09:33:51.044, 1 MiB, 46068 MiB, 0 %
2026/09/09 09:33:56.045, 1 MiB, 46068 MiB, 0 %
2026/09/09 09:34:01.046, 1 MiB, 46068 MiB, 0 %
2026/09/09 09:34:06.047, 1 MiB, 46068 MiB, 0 %
2026/09/09 09:34:11.048, 1 MiB, 46068 MiB, 0 %
2026/09/09 09:34:16.050, 1 MiB, 46068 MiB, 0 %
2026/09/09 09:34:21.051, 1 MiB, 46068 MiB, 0 %
2026/09/09 09:34:26.052, 1 MiB, 46068 MiB, 0 %
2026/09/09 09:34:31.053, 1 MiB, 46068 MiB, 0 %
2026/09/09 09:34:36.055, 1 MiB, 46068 MiB, 0 %
2026/09/09 09:34:41.056, 1 MiB, 46068 MiB, 0 %
2026/09/09 09:34:46.057, 1 MiB, 46068 MiB, 0 %
2026/09/09 09:34:51.059, 1 MiB, 46068 MiB, 0 %
2026/09/09 09:34:56.060, 1 MiB, 46068 MiB, 0 %
2026/09/09 09:35:01.062, 1 MiB, 46068 MiB, 0 %
2026/09/09 09:35:06.063, 1 MiB, 46068 MiB, 0 %
2026/09/09 09:35:11.064, 1 MiB, 46068 MiB, 0 %
2026/09/09 09:35:16.065, 1 MiB, 46068 MiB, 0 %
2026/09/09 09:35:21.066, 1 MiB, 46068 MiB, 0 %
2026/09/09 09:35:26.067, 1 MiB, 46068 MiB, 0 %
2026/09/09 09:35:31.069, 1 MiB, 46068 MiB, 0 %
2026/09/09 09:35:36.070, 1 MiB, 46068 MiB, 0 %
2026/09/09 09:35:41.071, 1 MiB, 46068 MiB, 0 %
2026/09/09 09:35:46.072, 1 MiB, 46068 MiB, 0 %
2026/09/09 09:35:51.073, 1 MiB, 46068 MiB, 0 %
2026/09/09 09:35:56.075, 1 MiB, 46068 MiB, 0 %
2026/09/09 09:36:01.076, 1 MiB, 46068 MiB, 0 %
2026/09/09 09:36:06.078, 1 MiB, 46068 MiB, 0 %
2026/09/09 09:36:11.080, 1 MiB, 46068 MiB, 0 %
2026/09/09 09:36:16.081, 1 MiB, 46068 MiB, 0 %
2026/09/09 09:36:21.082, 1 MiB, 46068 MiB, 0 %
2026/09/09 09:36:26.083, 1 MiB, 46068 MiB, 0 %
2026/09/09 09:36:31.084, 1 MiB, 46068 MiB, 0 %
2026/09/09 09:36:36.085, 1 MiB, 46068 MiB, 0 %
2026/09/09 09:36:41.087, 1 MiB, 46068 MiB, 0 %
2026/09/09 09:36:46.088, 1 MiB, 46068 MiB, 0 %
2026/09/09 09:36:51.089, 1 MiB, 46068 MiB, 0 %
2026/09/09 09:36:56.090, 1 MiB, 46068 MiB, 0 %
2026/09/09 09:37:01.091, 1 MiB, 46068 MiB, 0 %
2026/09/09 09:37:06.093, 1 MiB, 46068 MiB, 0 %
2026/09/09 09:37:11.094, 1 MiB, 46068 MiB, 0 %
2026/09/09 09:37:16.096, 1 MiB, 46068 MiB, 0 %
2026/09/09 09:37:21.097, 1 MiB, 46068 MiB, 0 %
2026/09/09 09:37:26.098, 1 MiB, 46068 MiB, 0 %
2026/09/09 09:37:31.099, 1 MiB, 46068 MiB, 0 %
2026/09/09 09:37:36.101, 1 MiB, 46068 MiB, 0 %
2026/09/09 09:37:41.102, 1 MiB, 46068 MiB, 0 %
2026/09/09 09:37:46.103, 1 MiB, 46068 MiB, 0 %
2026/09/09 09:37:51.105, 1 MiB, 46068 MiB, 0 %
2026/09/09 09:37:56.106, 1 MiB, 46068 MiB, 0 %
2026/09/09 09:38:01.107, 1 MiB, 46068 MiB, 0 %
2026/09/09 09:38:06.108, 1 MiB, 46068 MiB, 0 %
2026/09/09 09:38:11.109, 1 MiB, 46068 MiB, 0 %
2026/09/09 09:38:16.110, 1 MiB, 46068 MiB, 0 %
2026/09/09 09:38:21.111, 1 MiB, 46068 MiB, 0 %
2026/09/09 09:38:26.112, 1 MiB, 46068 MiB, 0 %
2026/09/09 09:38:31.114, 1 MiB, 46068 MiB, 0 %
2026/09/09 09:38:36.115, 1 MiB, 46068 MiB, 0 %
2026/09/09 09:38:41.116, 1 MiB, 46068 MiB, 0 %
2026/09/09 09:38:46.117, 1 MiB, 46068 MiB, 0 %
2026/09/09 09:38:51.118, 1 MiB, 46068 MiB, 0 %
2026/09/09 09:38:56.119, 1 MiB, 46068 MiB, 0 %
2026/09/09 09:39:01.120, 1 MiB, 46068 MiB, 0 %
2026/09/09 09:39:06.121, 1 MiB, 46068 MiB, 0 %
2026/09/09 09:39:11.128, 1 MiB, 46068 MiB, 0 %
2026/09/09 09:39:16.129, 1 MiB, 46068 MiB, 0 %
2026/09/09 09:39:21.130, 1 MiB, 46068 MiB, 0 %
2026/09/09 09:39:26.131, 1 MiB, 46068 MiB, 0 %
2026/09/09 09:39:31.132, 1 MiB, 46068 MiB, 0 %
2026/09/09 09:39:36.133, 1 MiB, 46068 MiB, 0 %
2026/09/09 09:39:41.135, 1 MiB, 46068 MiB, 0 %
2026/09/09 09:39:46.136, 1 MiB, 46068 MiB, 0 %
2026/09/09 09:39:51.137, 1 MiB, 46068 MiB, 0 %
2026/09/09 09:39:56.138, 1 MiB, 46068 MiB, 0 %
2026/09/09 09:40:01.139, 1 MiB, 46068 MiB, 0 %
2026/09/09 09:40:06.140, 1 MiB, 46068 MiB, 0 %
2026/09/09 09:40:11.141, 1 MiB, 46068 MiB, 0 %
2026/09/09 09:40:16.143, 1 MiB, 46068 MiB, 0 %
2026/09/09 09:40:21.144, 1 MiB, 46068 MiB, 0 %
2026/09/09 09:40:26.145, 1 MiB, 46068 MiB, 0 %
2026/09/09 09:40:31.146, 1 MiB, 46068 MiB, 0 %
2026/09/09 09:40:36.147, 1 MiB, 46068 MiB, 0 %
2026/09/09 09:40:41.149, 1 MiB, 46068 MiB, 0 %
2026/09/09 09:40:46.150, 1 MiB, 46068 MiB, 0 %
2026/09/09 09:40:51.151, 1 MiB, 46068 MiB, 0 %
2026/09/09 09:40:56.152, 1 MiB, 46068 MiB, 0 %
2026/09/09 09:41:01.153, 1 MiB, 46068 MiB, 0 %
2026/09/09 09:41:06.154, 1 MiB, 46068 MiB, 0 %
2026/09/09 09:41:11.156, 1 MiB, 46068 MiB, 0 %
2026/09/09 09:41:16.157, 1 MiB, 46068 MiB, 0 %
2026/09/09 09:41:21.158, 1 MiB, 46068 MiB, 0 %
2026/09/09 09:41:26.159, 1 MiB, 46068 MiB, 0 %
2026/09/09 09:41:31.160, 1 MiB, 46068 MiB, 0 %
2026/09/09 09:41:36.161, 1 MiB, 46068 MiB, 0 %
2026/09/09 09:41:41.163, 1 MiB, 46068 MiB, 0 %
2026/09/09 09:41:46.164, 1 MiB, 46068 MiB, 0 %
2026/09/09 09:41:51.165, 1 MiB, 46068 MiB, 0 %
2026/09/09 09:41:56.166, 1 MiB, 46068 MiB, 0 %
2026/09/09 09:42:01.167, 1 MiB, 46068 MiB, 0 %
2026/09/09 09:42:06.171, 541 MiB, 46068 MiB, 0 %
2026/09/09 09:42:11.172, 4699 MiB, 46068 MiB, 73 %
2026/09/09 09:42:16.174, 4 MiB, 46068 MiB, 0 %
2026/09/09 09:42:21.175, 15049 MiB, 46068 MiB, 93 %
2026/09/09 09:42:26.176, 25613 MiB, 46068 MiB, 98 %
2026/09/09 09:42:31.177, 29733 MiB, 46068 MiB, 97 %
2026/09/09 09:42:36.179, 29733 MiB, 46068 MiB, 99 %
2026/09/09 09:42:41.181, 32453 MiB, 46068 MiB, 99 %
2026/09/09 09:42:46.182, 32453 MiB, 46068 MiB, 100 %
2026/09/09 09:42:51.183, 32453 MiB, 46068 MiB, 97 %
2026/09/09 09:42:56.185, 32533 MiB, 46068 MiB, 99 %
2026/09/09 09:43:01.186, 32533 MiB, 46068 MiB, 100 %
2026/09/09 09:43:06.188, 32533 MiB, 46068 MiB, 99 %
2026/09/09 09:43:11.190, 32533 MiB, 46068 MiB, 98 %
2026/09/09 09:43:16.191, 32533 MiB, 46068 MiB, 99 %
2026/09/09 09:43:21.193, 32533 MiB, 46068 MiB, 98 %
2026/09/09 09:43:26.194, 32533 MiB, 46068 MiB, 99 %
2026/09/09 09:43:31.195, 32533 MiB, 46068 MiB, 99 %
2026/09/09 09:43:36.196, 32533 MiB, 46068 MiB, 99 %
2026/09/09 09:43:41.198, 32533 MiB, 46068 MiB, 98 %
2026/09/09 09:43:46.203, 32533 MiB, 46068 MiB, 99 %
2026/09/09 09:43:51.204, 32533 MiB, 46068 MiB, 99 %
2026/09/09 09:43:56.205, 32533 MiB, 46068 MiB, 98 %
2026/09/09 09:44:01.206, 32533 MiB, 46068 MiB, 99 %
2026/09/09 09:44:06.208, 32533 MiB, 46068 MiB, 95 %
2026/09/09 09:44:11.209, 32533 MiB, 46068 MiB, 100 %
2026/09/09 09:44:16.211, 32533 MiB, 46068 MiB, 99 %
2026/09/09 09:44:21.213, 32533 MiB, 46068 MiB, 100 %
2026/09/09 09:44:26.214, 32553 MiB, 46068 MiB, 99 %
2026/09/09 09:44:31.215, 32553 MiB, 46068 MiB, 98 %
2026/09/09 09:44:36.217, 32553 MiB, 46068 MiB, 99 %
2026/09/09 09:44:41.218, 32553 MiB, 46068 MiB, 100 %
2026/09/09 09:44:46.220, 32553 MiB, 46068 MiB, 98 %
2026/09/09 09:44:51.222, 32553 MiB, 46068 MiB, 100 %
2026/09/09 09:44:56.223, 32553 MiB, 46068 MiB, 99 %
2026/09/09 09:45:01.225, 32553 MiB, 46068 MiB, 98 %
2026/09/09 09:45:06.226, 32553 MiB, 46068 MiB, 100 %
2026/09/09 09:45:11.227, 32553 MiB, 46068 MiB, 99 %
2026/09/09 09:45:16.229, 32553 MiB, 46068 MiB, 96 %
2026/09/09 09:45:21.230, 32553 MiB, 46068 MiB, 98 %
2026/09/09 09:45:26.232, 32553 MiB, 46068 MiB, 98 %
2026/09/09 09:45:31.233, 32553 MiB, 46068 MiB, 100 %
2026/09/09 09:45:36.235, 32553 MiB, 46068 MiB, 98 %
2026/09/09 09:45:41.236, 32553 MiB, 46068 MiB, 99 %
2026/09/09 09:45:46.237, 32553 MiB, 46068 MiB, 100 %
2026/09/09 09:45:51.239, 32553 MiB, 46068 MiB, 99 %
2026/09/09 09:45:56.241, 32553 MiB, 46068 MiB, 97 %
2026/09/09 09:46:01.242, 32553 MiB, 46068 MiB, 100 %
2026/09/09 09:46:06.243, 32553 MiB, 46068 MiB, 99 %
2026/09/09 09:46:11.245, 32553 MiB, 46068 MiB, 98 %
2026/09/09 09:46:16.246, 32553 MiB, 46068 MiB, 100 %
2026/09/09 09:46:21.248, 32553 MiB, 46068 MiB, 98 %
2026/09/09 09:46:26.250, 32773 MiB, 46068 MiB, 100 %
2026/09/09 09:46:31.251, 32773 MiB, 46068 MiB, 98 %
2026/09/09 09:46:36.252, 32773 MiB, 46068 MiB, 100 %
2026/09/09 09:46:41.253, 32773 MiB, 46068 MiB, 98 %
2026/09/09 09:46:46.255, 32773 MiB, 46068 MiB, 98 %
2026/09/09 09:46:51.257, 32773 MiB, 46068 MiB, 100 %
2026/09/09 09:46:56.258, 32773 MiB, 46068 MiB, 99 %
2026/09/09 09:47:01.260, 32773 MiB, 46068 MiB, 100 %
2026/09/09 09:47:06.261, 32773 MiB, 46068 MiB, 99 %
2026/09/09 09:47:11.262, 32773 MiB, 46068 MiB, 99 %
2026/09/09 09:47:16.263, 32773 MiB, 46068 MiB, 100 %
2026/09/09 09:47:21.265, 32773 MiB, 46068 MiB, 99 %
2026/09/09 09:47:26.274, 32773 MiB, 46068 MiB, 99 %
2026/09/09 09:47:31.276, 32773 MiB, 46068 MiB, 98 %
2026/09/09 09:47:36.277, 32773 MiB, 46068 MiB, 99 %
2026/09/09 09:47:41.278, 32773 MiB, 46068 MiB, 98 %
2026/09/09 09:47:46.279, 32773 MiB, 46068 MiB, 100 %
2026/09/09 09:47:51.281, 32773 MiB, 46068 MiB, 97 %
2026/09/09 09:47:56.282, 32773 MiB, 46068 MiB, 99 %
2026/09/09 09:48:01.284, 32773 MiB, 46068 MiB, 99 %
2026/09/09 09:48:06.285, 32773 MiB, 46068 MiB, 97 %
2026/09/09 09:48:11.286, 32773 MiB, 46068 MiB, 98 %
2026/09/09 09:48:16.287, 32773 MiB, 46068 MiB, 99 %
2026/09/09 09:48:21.289, 32773 MiB, 46068 MiB, 100 %
2026/09/09 09:48:26.290, 32773 MiB, 46068 MiB, 98 %
2026/09/09 09:48:31.292, 32773 MiB, 46068 MiB, 99 %
2026/09/09 09:48:36.293, 32773 MiB, 46068 MiB, 100 %
2026/09/09 09:48:41.295, 32773 MiB, 46068 MiB, 99 %
2026/09/09 09:48:46.296, 32773 MiB, 46068 MiB, 100 %
2026/09/09 09:48:51.298, 32773 MiB, 46068 MiB, 99 %
2026/09/09 09:48:56.299, 32773 MiB, 46068 MiB, 100 %
2026/09/09 09:49:01.305, 32773 MiB, 46068 MiB, 98 %
2026/09/09 09:49:06.306, 32773 MiB, 46068 MiB, 98 %
2026/09/09 09:49:11.308, 32773 MiB, 46068 MiB, 97 %
2026/09/09 09:49:16.309, 32773 MiB, 46068 MiB, 98 %
2026/09/09 09:49:21.310, 32773 MiB, 46068 MiB, 98 %
2026/09/09 09:49:26.311, 32773 MiB, 46068 MiB, 99 %
2026/09/09 09:49:31.313, 32773 MiB, 46068 MiB, 98 %
2026/09/09 09:49:36.314, 32773 MiB, 46068 MiB, 99 %
2026/09/09 09:49:41.316, 32773 MiB, 46068 MiB, 100 %
2026/09/09 09:49:46.317, 32773 MiB, 46068 MiB, 100 %
2026/09/09 09:49:51.318, 32773 MiB, 46068 MiB, 99 %
2026/09/09 09:49:56.320, 32773 MiB, 46068 MiB, 99 %
2026/09/09 09:50:01.322, 32773 MiB, 46068 MiB, 98 %
2026/09/09 09:50:06.323, 32773 MiB, 46068 MiB, 99 %
2026/09/09 09:50:11.325, 32773 MiB, 46068 MiB, 99 %
2026/09/09 09:50:16.327, 32773 MiB, 46068 MiB, 100 %
2026/09/09 09:50:21.328, 32773 MiB, 46068 MiB, 98 %
2026/09/09 09:50:26.329, 32773 MiB, 46068 MiB, 100 %
2026/09/09 09:50:31.331, 32773 MiB, 46068 MiB, 98 %
2026/09/09 09:50:36.333, 32773 MiB, 46068 MiB, 99 %
2026/09/09 09:50:41.334, 32773 MiB, 46068 MiB, 99 %
2026/09/09 09:50:46.336, 32773 MiB, 46068 MiB, 100 %
2026/09/09 09:50:51.337, 32773 MiB, 46068 MiB, 99 %
2026/09/09 09:50:56.338, 32773 MiB, 46068 MiB, 99 %
2026/09/09 09:51:01.344, 32773 MiB, 46068 MiB, 98 %
2026/09/09 09:51:06.346, 32773 MiB, 46068 MiB, 100 %
2026/09/09 09:51:11.347, 32773 MiB, 46068 MiB, 98 %
2026/09/09 09:51:16.349, 32773 MiB, 46068 MiB, 98 %
2026/09/09 09:51:21.350, 32773 MiB, 46068 MiB, 99 %
2026/09/09 09:51:26.351, 32773 MiB, 46068 MiB, 99 %
2026/09/09 09:51:31.353, 32773 MiB, 46068 MiB, 99 %
2026/09/09 09:51:36.354, 32773 MiB, 46068 MiB, 98 %
2026/09/09 09:51:41.356, 32773 MiB, 46068 MiB, 98 %
2026/09/09 09:51:46.357, 32773 MiB, 46068 MiB, 99 %
2026/09/09 09:51:51.358, 32773 MiB, 46068 MiB, 98 %
2026/09/09 09:51:56.359, 32773 MiB, 46068 MiB, 98 %
2026/09/09 09:52:01.364, 32773 MiB, 46068 MiB, 99 %
2026/09/09 09:52:06.365, 32773 MiB, 46068 MiB, 98 %
2026/09/09 09:52:11.367, 32773 MiB, 46068 MiB, 98 %
2026/09/09 09:52:16.368, 32773 MiB, 46068 MiB, 98 %
2026/09/09 09:52:21.369, 32773 MiB, 46068 MiB, 99 %
2026/09/09 09:52:26.370, 32773 MiB, 46068 MiB, 98 %
2026/09/09 09:52:31.371, 32773 MiB, 46068 MiB, 100 %
2026/09/09 09:52:36.373, 32773 MiB, 46068 MiB, 99 %
2026/09/09 09:52:41.375, 32773 MiB, 46068 MiB, 99 %
2026/09/09 09:52:46.376, 32773 MiB, 46068 MiB, 99 %
2026/09/09 09:52:51.377, 32773 MiB, 46068 MiB, 98 %
2026/09/09 09:52:56.379, 32773 MiB, 46068 MiB, 100 %
2026/09/09 09:53:01.380, 32773 MiB, 46068 MiB, 99 %
2026/09/09 09:53:06.381, 32773 MiB, 46068 MiB, 99 %
2026/09/09 09:53:11.383, 32773 MiB, 46068 MiB, 98 %
2026/09/09 09:53:16.385, 32773 MiB, 46068 MiB, 100 %
2026/09/09 09:53:21.386, 32773 MiB, 46068 MiB, 99 %
2026/09/09 09:53:26.387, 32773 MiB, 46068 MiB, 99 %
2026/09/09 09:53:31.388, 32773 MiB, 46068 MiB, 100 %
2026/09/09 09:53:36.390, 32773 MiB, 46068 MiB, 99 %
2026/09/09 09:53:41.391, 32773 MiB, 46068 MiB, 99 %
2026/09/09 09:53:46.393, 32773 MiB, 46068 MiB, 99 %
2026/09/09 09:53:51.394, 32773 MiB, 46068 MiB, 97 %
2026/09/09 09:53:56.396, 32773 MiB, 46068 MiB, 98 %
2026/09/09 09:54:01.397, 32773 MiB, 46068 MiB, 98 %
2026/09/09 09:54:06.399, 32773 MiB, 46068 MiB, 99 %
2026/09/09 09:54:11.400, 32773 MiB, 46068 MiB, 99 %
2026/09/09 09:54:16.407, 32773 MiB, 46068 MiB, 99 %
2026/09/09 09:54:21.408, 32773 MiB, 46068 MiB, 99 %
2026/09/09 09:54:26.410, 32773 MiB, 46068 MiB, 100 %
2026/09/09 09:54:31.411, 32773 MiB, 46068 MiB, 98 %
2026/09/09 09:54:36.412, 32773 MiB, 46068 MiB, 97 %
2026/09/09 09:54:41.413, 32773 MiB, 46068 MiB, 97 %
2026/09/09 09:54:46.415, 32773 MiB, 46068 MiB, 97 %
2026/09/09 09:54:51.417, 32773 MiB, 46068 MiB, 100 %
2026/09/09 09:54:56.418, 32773 MiB, 46068 MiB, 100 %
2026/09/09 09:55:01.419, 32773 MiB, 46068 MiB, 99 %
2026/09/09 09:55:06.421, 32773 MiB, 46068 MiB, 99 %
2026/09/09 09:55:11.422, 32773 MiB, 46068 MiB, 99 %
2026/09/09 09:55:16.424, 32773 MiB, 46068 MiB, 97 %
2026/09/09 09:55:21.425, 32773 MiB, 46068 MiB, 99 %
2026/09/09 09:55:26.427, 32773 MiB, 46068 MiB, 100 %
2026/09/09 09:55:31.428, 32773 MiB, 46068 MiB, 99 %
2026/09/09 09:55:36.430, 32773 MiB, 46068 MiB, 99 %
2026/09/09 09:55:41.431, 32773 MiB, 46068 MiB, 99 %
2026/09/09 09:55:46.432, 32773 MiB, 46068 MiB, 99 %
2026/09/09 09:55:51.434, 32773 MiB, 46068 MiB, 99 %
2026/09/09 09:55:56.435, 32773 MiB, 46068 MiB, 98 %
2026/09/09 09:56:01.437, 32773 MiB, 46068 MiB, 98 %
2026/09/09 09:56:06.438, 32773 MiB, 46068 MiB, 99 %
2026/09/09 09:56:11.439, 32773 MiB, 46068 MiB, 100 %
2026/09/09 09:56:16.441, 32773 MiB, 46068 MiB, 98 %
2026/09/09 09:56:21.443, 32773 MiB, 46068 MiB, 100 %
2026/09/09 09:56:26.444, 32773 MiB, 46068 MiB, 98 %
2026/09/09 09:56:31.446, 32773 MiB, 46068 MiB, 99 %
2026/09/09 09:56:36.447, 32773 MiB, 46068 MiB, 100 %
2026/09/09 09:56:41.448, 32773 MiB, 46068 MiB, 98 %
2026/09/09 09:56:46.450, 32773 MiB, 46068 MiB, 100 %
2026/09/09 09:56:51.451, 32773 MiB, 46068 MiB, 100 %
2026/09/09 09:56:56.453, 32773 MiB, 46068 MiB, 99 %
2026/09/09 09:57:01.454, 32773 MiB, 46068 MiB, 98 %
2026/09/09 09:57:06.456, 32773 MiB, 46068 MiB, 99 %
2026/09/09 09:57:11.457, 32773 MiB, 46068 MiB, 100 %
2026/09/09 09:57:16.458, 32773 MiB, 46068 MiB, 100 %
2026/09/09 09:57:21.459, 32773 MiB, 46068 MiB, 100 %
2026/09/09 09:57:26.461, 32773 MiB, 46068 MiB, 97 %
2026/09/09 09:57:31.463, 32773 MiB, 46068 MiB, 98 %
2026/09/09 09:57:36.464, 32773 MiB, 46068 MiB, 99 %
2026/09/09 09:57:41.466, 32773 MiB, 46068 MiB, 96 %
2026/09/09 09:57:46.467, 32773 MiB, 46068 MiB, 98 %
2026/09/09 09:57:51.468, 32773 MiB, 46068 MiB, 98 %
2026/09/09 09:57:56.470, 32773 MiB, 46068 MiB, 99 %
2026/09/09 09:58:01.471, 32773 MiB, 46068 MiB, 98 %
2026/09/09 09:58:06.473, 32773 MiB, 46068 MiB, 99 %
2026/09/09 09:58:11.475, 32773 MiB, 46068 MiB, 98 %
2026/09/09 09:58:16.476, 32773 MiB, 46068 MiB, 100 %
2026/09/09 09:58:21.477, 32773 MiB, 46068 MiB, 100 %
2026/09/09 09:58:26.479, 32773 MiB, 46068 MiB, 100 %
2026/09/09 09:58:31.480, 32773 MiB, 46068 MiB, 98 %
2026/09/09 09:58:36.482, 32773 MiB, 46068 MiB, 99 %
2026/09/09 09:58:41.484, 32773 MiB, 46068 MiB, 100 %
2026/09/09 09:58:46.486, 32773 MiB, 46068 MiB, 99 %
2026/09/09 09:58:51.487, 32773 MiB, 46068 MiB, 98 %
2026/09/09 09:58:56.488, 32773 MiB, 46068 MiB, 99 %
2026/09/09 09:59:01.489, 32773 MiB, 46068 MiB, 98 %
2026/09/09 09:59:06.491, 32773 MiB, 46068 MiB, 98 %
2026/09/09 09:59:11.492, 32773 MiB, 46068 MiB, 100 %
2026/09/09 09:59:16.494, 32773 MiB, 46068 MiB, 98 %
2026/09/09 09:59:21.495, 32773 MiB, 46068 MiB, 100 %
2026/09/09 09:59:26.497, 32773 MiB, 46068 MiB, 98 %
2026/09/09 09:59:31.498, 32773 MiB, 46068 MiB, 99 %
2026/09/09 09:59:36.500, 32773 MiB, 46068 MiB, 99 %
2026/09/09 09:59:41.506, 32773 MiB, 46068 MiB, 99 %
2026/09/09 09:59:46.508, 32773 MiB, 46068 MiB, 98 %
2026/09/09 09:59:51.509, 32773 MiB, 46068 MiB, 100 %
2026/09/09 09:59:56.510, 32773 MiB, 46068 MiB, 98 %
2026/09/09 10:00:01.512, 32773 MiB, 46068 MiB, 100 %
2026/09/09 10:00:06.513, 32773 MiB, 46068 MiB, 99 %
2026/09/09 10:00:11.515, 32773 MiB, 46068 MiB, 99 %
2026/09/09 10:00:16.516, 32773 MiB, 46068 MiB, 98 %
2026/09/09 10:00:21.518, 32773 MiB, 46068 MiB, 99 %
2026/09/09 10:00:26.519, 32773 MiB, 46068 MiB, 100 %
2026/09/09 10:00:31.520, 32773 MiB, 46068 MiB, 100 %
2026/09/09 10:00:36.521, 32773 MiB, 46068 MiB, 98 %
2026/09/09 10:00:41.523, 32773 MiB, 46068 MiB, 99 %
2026/09/09 10:00:46.525, 32773 MiB, 46068 MiB, 99 %
2026/09/09 10:00:51.526, 32773 MiB, 46068 MiB, 99 %
2026/09/09 10:00:56.527, 32773 MiB, 46068 MiB, 99 %
2026/09/09 10:01:01.529, 32773 MiB, 46068 MiB, 98 %
2026/09/09 10:01:06.530, 32773 MiB, 46068 MiB, 98 %
2026/09/09 10:01:11.532, 32773 MiB, 46068 MiB, 100 %
2026/09/09 10:01:16.533, 32773 MiB, 46068 MiB, 100 %
2026/09/09 10:01:21.535, 32773 MiB, 46068 MiB, 99 %
2026/09/09 10:01:26.536, 32773 MiB, 46068 MiB, 99 %
2026/09/09 10:01:31.537, 32773 MiB, 46068 MiB, 99 %
2026/09/09 10:01:36.539, 32773 MiB, 46068 MiB, 99 %
2026/09/09 10:01:41.540, 32773 MiB, 46068 MiB, 99 %
2026/09/09 10:01:46.542, 32773 MiB, 46068 MiB, 99 %
2026/09/09 10:01:51.543, 32773 MiB, 46068 MiB, 99 %
2026/09/09 10:01:56.545, 32773 MiB, 46068 MiB, 99 %
2026/09/09 10:02:01.546, 32773 MiB, 46068 MiB, 99 %
2026/09/09 10:02:06.547, 32773 MiB, 46068 MiB, 98 %
2026/09/09 10:02:11.549, 32773 MiB, 46068 MiB, 100 %
2026/09/09 10:02:16.550, 32773 MiB, 46068 MiB, 100 %
2026/09/09 10:02:21.551, 32773 MiB, 46068 MiB, 98 %
2026/09/09 10:02:26.553, 32773 MiB, 46068 MiB, 99 %
2026/09/09 10:02:31.555, 32773 MiB, 46068 MiB, 98 %
2026/09/09 10:02:36.556, 32773 MiB, 46068 MiB, 99 %
2026/09/09 10:02:41.557, 32773 MiB, 46068 MiB, 97 %
2026/09/09 10:02:46.558, 32773 MiB, 46068 MiB, 98 %
2026/09/09 10:02:51.559, 32773 MiB, 46068 MiB, 99 %
2026/09/09 10:02:56.561, 32773 MiB, 46068 MiB, 100 %
2026/09/09 10:03:01.562, 32773 MiB, 46068 MiB, 100 %
2026/09/09 10:03:06.564, 32773 MiB, 46068 MiB, 100 %
2026/09/09 10:03:11.565, 32773 MiB, 46068 MiB, 100 %
2026/09/09 10:03:16.566, 32773 MiB, 46068 MiB, 100 %
2026/09/09 10:03:21.568, 32773 MiB, 46068 MiB, 97 %
2026/09/09 10:03:26.569, 32773 MiB, 46068 MiB, 100 %
2026/09/09 10:03:31.570, 32773 MiB, 46068 MiB, 99 %
2026/09/09 10:03:36.572, 32773 MiB, 46068 MiB, 100 %
2026/09/09 10:03:41.574, 32773 MiB, 46068 MiB, 99 %
2026/09/09 10:03:46.575, 32773 MiB, 46068 MiB, 98 %
2026/09/09 10:03:51.577, 32773 MiB, 46068 MiB, 99 %
2026/09/09 10:03:56.578, 32773 MiB, 46068 MiB, 100 %
2026/09/09 10:04:01.580, 32773 MiB, 46068 MiB, 99 %
2026/09/09 10:04:06.582, 32773 MiB, 46068 MiB, 97 %
2026/09/09 10:04:11.583, 32773 MiB, 46068 MiB, 99 %
2026/09/09 10:04:16.584, 32773 MiB, 46068 MiB, 98 %
2026/09/09 10:04:21.586, 32773 MiB, 46068 MiB, 100 %
2026/09/09 10:04:26.587, 32773 MiB, 46068 MiB, 100 %
2026/09/09 10:04:31.588, 32773 MiB, 46068 MiB, 98 %
2026/09/09 10:04:36.590, 32773 MiB, 46068 MiB, 98 %
2026/09/09 10:04:41.592, 32773 MiB, 46068 MiB, 100 %
2026/09/09 10:04:46.593, 32773 MiB, 46068 MiB, 98 %
2026/09/09 10:04:51.594, 32773 MiB, 46068 MiB, 98 %
2026/09/09 10:04:56.595, 32773 MiB, 46068 MiB, 100 %
2026/09/09 10:05:01.597, 32773 MiB, 46068 MiB, 99 %
2026/09/09 10:05:06.598, 32773 MiB, 46068 MiB, 99 %
2026/09/09 10:05:11.603, 32773 MiB, 46068 MiB, 98 %
2026/09/09 10:05:16.605, 32773 MiB, 46068 MiB, 100 %
2026/09/09 10:05:21.606, 32773 MiB, 46068 MiB, 100 %
2026/09/09 10:05:26.607, 32773 MiB, 46068 MiB, 54 %
2026/09/09 10:05:31.608, 32773 MiB, 46068 MiB, 99 %
2026/09/09 10:05:36.610, 32773 MiB, 46068 MiB, 99 %
2026/09/09 10:05:41.611, 32773 MiB, 46068 MiB, 98 %
2026/09/09 10:05:46.613, 32773 MiB, 46068 MiB, 98 %
2026/09/09 10:05:51.614, 32773 MiB, 46068 MiB, 97 %
2026/09/09 10:05:56.615, 32773 MiB, 46068 MiB, 99 %
2026/09/09 10:06:01.616, 32773 MiB, 46068 MiB, 99 %
2026/09/09 10:06:06.618, 32773 MiB, 46068 MiB, 98 %
2026/09/09 10:06:11.619, 32773 MiB, 46068 MiB, 99 %
2026/09/09 10:06:16.621, 32773 MiB, 46068 MiB, 98 %
2026/09/09 10:06:21.623, 32773 MiB, 46068 MiB, 98 %
2026/09/09 10:06:26.624, 32773 MiB, 46068 MiB, 99 %
2026/09/09 10:06:31.625, 32773 MiB, 46068 MiB, 99 %
2026/09/09 10:06:36.626, 32773 MiB, 46068 MiB, 95 %
2026/09/09 10:06:41.628, 32773 MiB, 46068 MiB, 98 %
2026/09/09 10:06:46.630, 32773 MiB, 46068 MiB, 99 %
2026/09/09 10:06:51.631, 32773 MiB, 46068 MiB, 97 %
2026/09/09 10:06:56.633, 32773 MiB, 46068 MiB, 98 %
2026/09/09 10:07:01.634, 32773 MiB, 46068 MiB, 99 %
2026/09/09 10:07:06.636, 32773 MiB, 46068 MiB, 99 %
2026/09/09 10:07:11.637, 32773 MiB, 46068 MiB, 100 %
2026/09/09 10:07:16.639, 32773 MiB, 46068 MiB, 99 %
2026/09/09 10:07:21.640, 32773 MiB, 46068 MiB, 100 %
2026/09/09 10:07:26.642, 32773 MiB, 46068 MiB, 99 %
2026/09/09 10:07:31.644, 32773 MiB, 46068 MiB, 96 %
2026/09/09 10:07:36.645, 32773 MiB, 46068 MiB, 98 %
2026/09/09 10:07:41.646, 32773 MiB, 46068 MiB, 98 %
2026/09/09 10:07:46.648, 32773 MiB, 46068 MiB, 99 %
2026/09/09 10:07:51.650, 32773 MiB, 46068 MiB, 99 %
2026/09/09 10:07:56.652, 32773 MiB, 46068 MiB, 100 %
2026/09/09 10:08:01.653, 32773 MiB, 46068 MiB, 99 %
2026/09/09 10:08:06.654, 32773 MiB, 46068 MiB, 98 %
2026/09/09 10:08:11.656, 32773 MiB, 46068 MiB, 99 %
2026/09/09 10:08:16.657, 32773 MiB, 46068 MiB, 99 %
2026/09/09 10:08:21.659, 32773 MiB, 46068 MiB, 98 %
2026/09/09 10:08:26.661, 32773 MiB, 46068 MiB, 98 %
2026/09/09 10:08:31.662, 32773 MiB, 46068 MiB, 98 %
2026/09/09 10:08:36.664, 32773 MiB, 46068 MiB, 100 %
2026/09/09 10:08:41.665, 32773 MiB, 46068 MiB, 99 %
2026/09/09 10:08:46.667, 32773 MiB, 46068 MiB, 99 %
2026/09/09 10:08:51.668, 32773 MiB, 46068 MiB, 99 %
2026/09/09 10:08:56.670, 32773 MiB, 46068 MiB, 100 %
2026/09/09 10:09:01.671, 32773 MiB, 46068 MiB, 99 %
2026/09/09 10:09:06.673, 32773 MiB, 46068 MiB, 100 %
2026/09/09 10:09:11.674, 32773 MiB, 46068 MiB, 99 %
2026/09/09 10:09:16.675, 32773 MiB, 46068 MiB, 98 %
2026/09/09 10:09:21.677, 32773 MiB, 46068 MiB, 99 %
2026/09/09 10:09:26.678, 32773 MiB, 46068 MiB, 99 %
2026/09/09 10:09:31.680, 32773 MiB, 46068 MiB, 99 %
2026/09/09 10:09:36.682, 32773 MiB, 46068 MiB, 99 %
2026/09/09 10:09:41.683, 32773 MiB, 46068 MiB, 99 %
2026/09/09 10:09:46.684, 32773 MiB, 46068 MiB, 99 %
2026/09/09 10:09:51.686, 32773 MiB, 46068 MiB, 100 %
2026/09/09 10:09:56.688, 32773 MiB, 46068 MiB, 100 %
2026/09/09 10:10:01.690, 32773 MiB, 46068 MiB, 99 %
2026/09/09 10:10:06.691, 32773 MiB, 46068 MiB, 99 %
2026/09/09 10:10:11.693, 32773 MiB, 46068 MiB, 98 %
2026/09/09 10:10:16.694, 32773 MiB, 46068 MiB, 99 %
2026/09/09 10:10:21.696, 32773 MiB, 46068 MiB, 100 %
2026/09/09 10:10:26.697, 32773 MiB, 46068 MiB, 98 %
2026/09/09 10:10:31.704, 32773 MiB, 46068 MiB, 98 %
2026/09/09 10:10:36.706, 32773 MiB, 46068 MiB, 99 %
2026/09/09 10:10:41.707, 32773 MiB, 46068 MiB, 99 %
2026/09/09 10:10:46.708, 32773 MiB, 46068 MiB, 100 %
2026/09/09 10:10:51.710, 32773 MiB, 46068 MiB, 98 %
2026/09/09 10:10:56.711, 32773 MiB, 46068 MiB, 99 %
2026/09/09 10:11:01.713, 32773 MiB, 46068 MiB, 97 %
2026/09/09 10:11:06.714, 32773 MiB, 46068 MiB, 100 %
2026/09/09 10:11:11.716, 32773 MiB, 46068 MiB, 98 %
2026/09/09 10:11:16.717, 32773 MiB, 46068 MiB, 100 %
2026/09/09 10:11:21.719, 32773 MiB, 46068 MiB, 99 %
2026/09/09 10:11:26.720, 32773 MiB, 46068 MiB, 99 %
2026/09/09 10:11:31.722, 32773 MiB, 46068 MiB, 97 %
2026/09/09 10:11:36.724, 32773 MiB, 46068 MiB, 99 %
2026/09/09 10:11:41.725, 32773 MiB, 46068 MiB, 99 %
2026/09/09 10:11:46.727, 32773 MiB, 46068 MiB, 100 %
2026/09/09 10:11:51.729, 32773 MiB, 46068 MiB, 97 %
2026/09/09 10:11:56.730, 32773 MiB, 46068 MiB, 99 %
2026/09/09 10:12:01.732, 32773 MiB, 46068 MiB, 98 %
2026/09/09 10:12:06.733, 32773 MiB, 46068 MiB, 97 %
2026/09/09 10:12:11.735, 32773 MiB, 46068 MiB, 98 %
2026/09/09 10:12:16.736, 32773 MiB, 46068 MiB, 100 %
2026/09/09 10:12:21.738, 32773 MiB, 46068 MiB, 100 %
2026/09/09 10:12:26.740, 32773 MiB, 46068 MiB, 98 %
2026/09/09 10:12:31.741, 32773 MiB, 46068 MiB, 98 %
2026/09/09 10:12:36.743, 32773 MiB, 46068 MiB, 98 %
2026/09/09 10:12:41.745, 32773 MiB, 46068 MiB, 98 %
2026/09/09 10:12:46.747, 32773 MiB, 46068 MiB, 97 %
2026/09/09 10:12:51.749, 32773 MiB, 46068 MiB, 98 %
2026/09/09 10:12:56.750, 32773 MiB, 46068 MiB, 99 %
2026/09/09 10:13:01.752, 32773 MiB, 46068 MiB, 100 %
2026/09/09 10:13:06.753, 32773 MiB, 46068 MiB, 97 %
2026/09/09 10:13:11.755, 32773 MiB, 46068 MiB, 98 %
2026/09/09 10:13:16.756, 32773 MiB, 46068 MiB, 99 %
2026/09/09 10:13:21.758, 32773 MiB, 46068 MiB, 100 %
2026/09/09 10:13:26.759, 32773 MiB, 46068 MiB, 99 %
2026/09/09 10:13:31.760, 32773 MiB, 46068 MiB, 98 %
2026/09/09 10:13:36.762, 32773 MiB, 46068 MiB, 98 %
2026/09/09 10:13:41.764, 32773 MiB, 46068 MiB, 100 %
2026/09/09 10:13:46.766, 32773 MiB, 46068 MiB, 99 %
2026/09/09 10:13:51.767, 32773 MiB, 46068 MiB, 99 %
2026/09/09 10:13:56.768, 32773 MiB, 46068 MiB, 98 %
2026/09/09 10:14:01.769, 32773 MiB, 46068 MiB, 98 %
2026/09/09 10:14:06.771, 32773 MiB, 46068 MiB, 98 %
2026/09/09 10:14:11.772, 32773 MiB, 46068 MiB, 98 %
2026/09/09 10:14:16.774, 32773 MiB, 46068 MiB, 100 %
2026/09/09 10:14:21.776, 32773 MiB, 46068 MiB, 99 %
2026/09/09 10:14:26.777, 32773 MiB, 46068 MiB, 98 %
2026/09/09 10:14:31.778, 32773 MiB, 46068 MiB, 100 %
2026/09/09 10:14:36.779, 32773 MiB, 46068 MiB, 98 %
2026/09/09 10:14:41.781, 32773 MiB, 46068 MiB, 99 %
2026/09/09 10:14:46.783, 32773 MiB, 46068 MiB, 98 %
2026/09/09 10:14:51.785, 32773 MiB, 46068 MiB, 99 %
2026/09/09 10:14:56.786, 32773 MiB, 46068 MiB, 99 %
2026/09/09 10:15:01.787, 32773 MiB, 46068 MiB, 98 %
2026/09/09 10:15:06.789, 32773 MiB, 46068 MiB, 97 %
2026/09/09 10:15:11.790, 32773 MiB, 46068 MiB, 100 %
2026/09/09 10:15:16.792, 32773 MiB, 46068 MiB, 98 %
2026/09/09 10:15:21.794, 32773 MiB, 46068 MiB, 97 %
2026/09/09 10:15:26.795, 32773 MiB, 46068 MiB, 99 %
2026/09/09 10:15:31.797, 32773 MiB, 46068 MiB, 99 %
2026/09/09 10:15:36.799, 32773 MiB, 46068 MiB, 100 %
2026/09/09 10:15:41.800, 32773 MiB, 46068 MiB, 100 %
2026/09/09 10:15:46.806, 32773 MiB, 46068 MiB, 99 %
2026/09/09 10:15:51.808, 32773 MiB, 46068 MiB, 98 %
2026/09/09 10:15:56.809, 32773 MiB, 46068 MiB, 98 %
2026/09/09 10:16:01.811, 32773 MiB, 46068 MiB, 99 %
2026/09/09 10:16:06.812, 32773 MiB, 46068 MiB, 99 %
2026/09/09 10:16:11.814, 32773 MiB, 46068 MiB, 99 %
2026/09/09 10:16:16.816, 32773 MiB, 46068 MiB, 99 %
2026/09/09 10:16:21.817, 32773 MiB, 46068 MiB, 98 %
2026/09/09 10:16:26.820, 32773 MiB, 46068 MiB, 98 %
2026/09/09 10:16:31.822, 32773 MiB, 46068 MiB, 100 %
2026/09/09 10:16:36.823, 32773 MiB, 46068 MiB, 98 %
2026/09/09 10:16:41.825, 32773 MiB, 46068 MiB, 99 %
2026/09/09 10:16:46.833, 32773 MiB, 46068 MiB, 99 %
2026/09/09 10:16:51.835, 32773 MiB, 46068 MiB, 100 %
2026/09/09 10:16:56.836, 32773 MiB, 46068 MiB, 99 %
2026/09/09 10:17:01.838, 32773 MiB, 46068 MiB, 100 %
2026/09/09 10:17:06.839, 32773 MiB, 46068 MiB, 98 %
2026/09/09 10:17:11.841, 32773 MiB, 46068 MiB, 97 %
2026/09/09 10:17:16.842, 32773 MiB, 46068 MiB, 99 %
2026/09/09 10:17:21.843, 32773 MiB, 46068 MiB, 99 %
2026/09/09 10:17:26.844, 32773 MiB, 46068 MiB, 100 %
2026/09/09 10:17:31.846, 32773 MiB, 46068 MiB, 98 %
2026/09/09 10:17:36.847, 32773 MiB, 46068 MiB, 99 %
2026/09/09 10:17:41.849, 32773 MiB, 46068 MiB, 99 %
2026/09/09 10:17:46.850, 32773 MiB, 46068 MiB, 98 %
2026/09/09 10:17:51.851, 32773 MiB, 46068 MiB, 99 %
2026/09/09 10:17:56.852, 32773 MiB, 46068 MiB, 99 %
2026/09/09 10:18:01.854, 32773 MiB, 46068 MiB, 100 %
2026/09/09 10:18:06.855, 32773 MiB, 46068 MiB, 99 %
2026/09/09 10:18:11.856, 32773 MiB, 46068 MiB, 99 %
2026/09/09 10:18:16.858, 32773 MiB, 46068 MiB, 100 %
2026/09/09 10:18:21.859, 32773 MiB, 46068 MiB, 98 %
2026/09/09 10:18:26.861, 32773 MiB, 46068 MiB, 99 %
2026/09/09 10:18:31.862, 32773 MiB, 46068 MiB, 98 %
2026/09/09 10:18:36.863, 32773 MiB, 46068 MiB, 98 %
2026/09/09 10:18:41.864, 32773 MiB, 46068 MiB, 99 %
2026/09/09 10:18:46.866, 32773 MiB, 46068 MiB, 100 %
2026/09/09 10:18:51.868, 32773 MiB, 46068 MiB, 98 %
2026/09/09 10:18:56.869, 32773 MiB, 46068 MiB, 99 %
2026/09/09 10:19:01.870, 32773 MiB, 46068 MiB, 100 %
2026/09/09 10:19:06.871, 32773 MiB, 46068 MiB, 99 %
2026/09/09 10:19:11.873, 32773 MiB, 46068 MiB, 99 %
2026/09/09 10:19:16.874, 32773 MiB, 46068 MiB, 100 %
2026/09/09 10:19:21.876, 32773 MiB, 46068 MiB, 98 %
2026/09/09 10:19:26.878, 32773 MiB, 46068 MiB, 100 %
2026/09/09 10:19:31.879, 32773 MiB, 46068 MiB, 98 %
2026/09/09 10:19:36.881, 32773 MiB, 46068 MiB, 99 %
2026/09/09 10:19:41.882, 32773 MiB, 46068 MiB, 98 %
2026/09/09 10:19:46.883, 32773 MiB, 46068 MiB, 99 %
2026/09/09 10:19:51.885, 32773 MiB, 46068 MiB, 99 %
2026/09/09 10:19:56.887, 32773 MiB, 46068 MiB, 99 %
2026/09/09 10:20:01.888, 32773 MiB, 46068 MiB, 99 %
2026/09/09 10:20:06.889, 32773 MiB, 46068 MiB, 100 %
2026/09/09 10:20:11.890, 32773 MiB, 46068 MiB, 99 %
2026/09/09 10:20:16.892, 32773 MiB, 46068 MiB, 99 %
2026/09/09 10:20:21.893, 32773 MiB, 46068 MiB, 99 %
2026/09/09 10:20:26.895, 32773 MiB, 46068 MiB, 100 %
2026/09/09 10:20:31.897, 32773 MiB, 46068 MiB, 100 %
2026/09/09 10:20:36.898, 32773 MiB, 46068 MiB, 98 %
2026/09/09 10:20:41.900, 32773 MiB, 46068 MiB, 100 %
2026/09/09 10:20:46.901, 32773 MiB, 46068 MiB, 99 %
2026/09/09 10:20:51.903, 32773 MiB, 46068 MiB, 98 %
2026/09/09 10:20:56.904, 32773 MiB, 46068 MiB, 99 %
2026/09/09 10:21:01.909, 32773 MiB, 46068 MiB, 99 %
2026/09/09 10:21:06.910, 32773 MiB, 46068 MiB, 100 %
2026/09/09 10:21:11.912, 32773 MiB, 46068 MiB, 99 %
2026/09/09 10:21:16.913, 32773 MiB, 46068 MiB, 100 %
2026/09/09 10:21:21.914, 32773 MiB, 46068 MiB, 98 %
2026/09/09 10:21:26.915, 32773 MiB, 46068 MiB, 97 %
2026/09/09 10:21:31.917, 32773 MiB, 46068 MiB, 97 %
2026/09/09 10:21:36.918, 32773 MiB, 46068 MiB, 95 %
2026/09/09 10:21:41.920, 32773 MiB, 46068 MiB, 99 %
2026/09/09 10:21:46.921, 32773 MiB, 46068 MiB, 100 %
2026/09/09 10:21:51.922, 32773 MiB, 46068 MiB, 99 %
2026/09/09 10:21:56.923, 32773 MiB, 46068 MiB, 99 %
2026/09/09 10:22:01.925, 32773 MiB, 46068 MiB, 100 %
2026/09/09 10:22:06.926, 32773 MiB, 46068 MiB, 100 %
2026/09/09 10:22:11.928, 32773 MiB, 46068 MiB, 99 %
2026/09/09 10:22:16.929, 32773 MiB, 46068 MiB, 99 %
2026/09/09 10:22:21.930, 32773 MiB, 46068 MiB, 99 %
2026/09/09 10:22:26.932, 32773 MiB, 46068 MiB, 100 %
2026/09/09 10:22:31.933, 32773 MiB, 46068 MiB, 97 %
2026/09/09 10:22:36.935, 32773 MiB, 46068 MiB, 99 %
2026/09/09 10:22:41.936, 32773 MiB, 46068 MiB, 98 %
2026/09/09 10:22:46.938, 32773 MiB, 46068 MiB, 99 %
2026/09/09 10:22:51.939, 32773 MiB, 46068 MiB, 98 %
2026/09/09 10:22:56.941, 32773 MiB, 46068 MiB, 100 %
2026/09/09 10:23:01.942, 32773 MiB, 46068 MiB, 98 %
2026/09/09 10:23:06.943, 32773 MiB, 46068 MiB, 100 %
2026/09/09 10:23:11.945, 32773 MiB, 46068 MiB, 98 %
2026/09/09 10:23:16.947, 32773 MiB, 46068 MiB, 97 %
2026/09/09 10:23:21.949, 32773 MiB, 46068 MiB, 100 %
2026/09/09 10:23:26.950, 32773 MiB, 46068 MiB, 99 %
2026/09/09 10:23:31.951, 32773 MiB, 46068 MiB, 99 %
2026/09/09 10:23:36.953, 32773 MiB, 46068 MiB, 99 %
2026/09/09 10:23:41.954, 32773 MiB, 46068 MiB, 100 %
2026/09/09 10:23:46.956, 32773 MiB, 46068 MiB, 98 %
2026/09/09 10:23:51.958, 32773 MiB, 46068 MiB, 100 %
2026/09/09 10:23:56.959, 32773 MiB, 46068 MiB, 99 %
2026/09/09 10:24:01.960, 32773 MiB, 46068 MiB, 98 %
2026/09/09 10:24:06.962, 32773 MiB, 46068 MiB, 100 %
2026/09/09 10:24:11.963, 32773 MiB, 46068 MiB, 98 %
2026/09/09 10:24:16.965, 32773 MiB, 46068 MiB, 99 %
2026/09/09 10:24:21.967, 32773 MiB, 46068 MiB, 99 %
2026/09/09 10:24:26.968, 32773 MiB, 46068 MiB, 98 %
2026/09/09 10:24:31.969, 32773 MiB, 46068 MiB, 98 %
2026/09/09 10:24:36.970, 32773 MiB, 46068 MiB, 98 %
2026/09/09 10:24:41.971, 32773 MiB, 46068 MiB, 98 %
2026/09/09 10:24:46.973, 32773 MiB, 46068 MiB, 99 %
2026/09/09 10:24:51.974, 32773 MiB, 46068 MiB, 98 %
2026/09/09 10:24:56.976, 32773 MiB, 46068 MiB, 100 %
2026/09/09 10:25:01.978, 32773 MiB, 46068 MiB, 98 %
2026/09/09 10:25:06.979, 32773 MiB, 46068 MiB, 100 %
2026/09/09 10:25:11.980, 32773 MiB, 46068 MiB, 98 %
2026/09/09 10:25:16.981, 32773 MiB, 46068 MiB, 98 %
2026/09/09 10:25:21.983, 32773 MiB, 46068 MiB, 98 %
2026/09/09 10:25:26.985, 32773 MiB, 46068 MiB, 98 %
2026/09/09 10:25:31.987, 32773 MiB, 46068 MiB, 98 %
2026/09/09 10:25:36.988, 32773 MiB, 46068 MiB, 97 %
2026/09/09 10:25:41.989, 32773 MiB, 46068 MiB, 97 %
2026/09/09 10:25:46.990, 32773 MiB, 46068 MiB, 99 %
2026/09/09 10:25:51.992, 32773 MiB, 46068 MiB, 98 %
2026/09/09 10:25:56.993, 32773 MiB, 46068 MiB, 98 %
2026/09/09 10:26:01.995, 32773 MiB, 46068 MiB, 100 %
2026/09/09 10:26:06.997, 32773 MiB, 46068 MiB, 100 %
2026/09/09 10:26:11.998, 32773 MiB, 46068 MiB, 98 %
2026/09/09 10:26:17.000, 32773 MiB, 46068 MiB, 100 %
2026/09/09 10:26:22.002, 32773 MiB, 46068 MiB, 100 %
2026/09/09 10:26:27.008, 32773 MiB, 46068 MiB, 99 %
2026/09/09 10:26:32.010, 32773 MiB, 46068 MiB, 99 %
2026/09/09 10:26:37.012, 32773 MiB, 46068 MiB, 98 %
2026/09/09 10:26:42.014, 32773 MiB, 46068 MiB, 100 %
2026/09/09 10:26:47.016, 32773 MiB, 46068 MiB, 100 %
2026/09/09 10:26:52.018, 32773 MiB, 46068 MiB, 96 %
2026/09/09 10:26:57.020, 32773 MiB, 46068 MiB, 98 %
2026/09/09 10:27:02.021, 32773 MiB, 46068 MiB, 98 %
2026/09/09 10:27:07.022, 32773 MiB, 46068 MiB, 99 %
2026/09/09 10:27:12.023, 32773 MiB, 46068 MiB, 99 %
2026/09/09 10:27:17.025, 32773 MiB, 46068 MiB, 100 %
2026/09/09 10:27:22.026, 32773 MiB, 46068 MiB, 99 %
2026/09/09 10:27:27.028, 32773 MiB, 46068 MiB, 100 %
2026/09/09 10:27:32.029, 32773 MiB, 46068 MiB, 100 %
2026/09/09 10:27:37.031, 32773 MiB, 46068 MiB, 94 %
2026/09/09 10:27:42.033, 32773 MiB, 46068 MiB, 97 %
2026/09/09 10:27:47.035, 32773 MiB, 46068 MiB, 100 %
2026/09/09 10:27:52.037, 32773 MiB, 46068 MiB, 100 %
2026/09/09 10:27:57.038, 32773 MiB, 46068 MiB, 98 %
2026/09/09 10:28:02.040, 32773 MiB, 46068 MiB, 98 %
2026/09/09 10:28:07.041, 32773 MiB, 46068 MiB, 100 %
2026/09/09 10:28:12.042, 32773 MiB, 46068 MiB, 100 %
2026/09/09 10:28:17.044, 32773 MiB, 46068 MiB, 100 %
2026/09/09 10:28:22.045, 32773 MiB, 46068 MiB, 99 %
2026/09/09 10:28:27.047, 32773 MiB, 46068 MiB, 100 %
2026/09/09 10:28:32.048, 32773 MiB, 46068 MiB, 98 %
2026/09/09 10:28:37.050, 32773 MiB, 46068 MiB, 98 %
2026/09/09 10:28:42.051, 32773 MiB, 46068 MiB, 100 %
2026/09/09 10:28:47.052, 32773 MiB, 46068 MiB, 98 %
2026/09/09 10:28:52.053, 32773 MiB, 46068 MiB, 100 %
2026/09/09 10:28:57.054, 32773 MiB, 46068 MiB, 98 %
2026/09/09 10:29:02.056, 32773 MiB, 46068 MiB, 98 %
2026/09/09 10:29:07.058, 32773 MiB, 46068 MiB, 98 %
2026/09/09 10:29:12.059, 32773 MiB, 46068 MiB, 99 %
2026/09/09 10:29:17.060, 32773 MiB, 46068 MiB, 98 %
2026/09/09 10:29:22.061, 32773 MiB, 46068 MiB, 98 %
2026/09/09 10:29:27.063, 32773 MiB, 46068 MiB, 98 %
2026/09/09 10:29:32.064, 32773 MiB, 46068 MiB, 100 %
2026/09/09 10:29:37.065, 32773 MiB, 46068 MiB, 100 %
2026/09/09 10:29:42.067, 32773 MiB, 46068 MiB, 98 %
2026/09/09 10:29:47.069, 32773 MiB, 46068 MiB, 100 %
2026/09/09 10:29:52.070, 32773 MiB, 46068 MiB, 99 %
2026/09/09 10:29:57.071, 32773 MiB, 46068 MiB, 99 %
2026/09/09 10:30:02.073, 32773 MiB, 46068 MiB, 99 %
2026/09/09 10:30:07.074, 32773 MiB, 46068 MiB, 98 %
2026/09/09 10:30:12.076, 32773 MiB, 46068 MiB, 99 %
2026/09/09 10:30:17.078, 32773 MiB, 46068 MiB, 98 %
2026/09/09 10:30:22.079, 32773 MiB, 46068 MiB, 99 %
2026/09/09 10:30:27.081, 32773 MiB, 46068 MiB, 99 %
2026/09/09 10:30:32.082, 32773 MiB, 46068 MiB, 99 %
2026/09/09 10:30:37.083, 32773 MiB, 46068 MiB, 98 %
2026/09/09 10:30:42.084, 32773 MiB, 46068 MiB, 97 %
2026/09/09 10:30:47.086, 32773 MiB, 46068 MiB, 97 %
2026/09/09 10:30:52.087, 32773 MiB, 46068 MiB, 98 %
2026/09/09 10:30:57.089, 32773 MiB, 46068 MiB, 98 %
2026/09/09 10:31:02.090, 32773 MiB, 46068 MiB, 100 %
2026/09/09 10:31:07.091, 32773 MiB, 46068 MiB, 99 %
2026/09/09 10:31:12.092, 32773 MiB, 46068 MiB, 99 %
2026/09/09 10:31:17.094, 32773 MiB, 46068 MiB, 99 %
2026/09/09 10:31:22.096, 32773 MiB, 46068 MiB, 99 %
2026/09/09 10:31:27.098, 32773 MiB, 46068 MiB, 98 %
2026/09/09 10:31:32.102, 32773 MiB, 46068 MiB, 98 %
2026/09/09 10:31:37.103, 32773 MiB, 46068 MiB, 99 %
2026/09/09 10:31:42.105, 32773 MiB, 46068 MiB, 100 %
2026/09/09 10:31:47.109, 32773 MiB, 46068 MiB, 100 %
2026/09/09 10:31:52.111, 32773 MiB, 46068 MiB, 98 %
2026/09/09 10:31:57.112, 32773 MiB, 46068 MiB, 98 %
2026/09/09 10:32:02.113, 32773 MiB, 46068 MiB, 99 %
2026/09/09 10:32:07.114, 32773 MiB, 46068 MiB, 98 %
2026/09/09 10:32:12.116, 32773 MiB, 46068 MiB, 98 %
2026/09/09 10:32:17.118, 32773 MiB, 46068 MiB, 98 %
2026/09/09 10:32:22.119, 32773 MiB, 46068 MiB, 98 %
2026/09/09 10:32:27.121, 32773 MiB, 46068 MiB, 99 %
2026/09/09 10:32:32.122, 32773 MiB, 46068 MiB, 98 %
2026/09/09 10:32:37.123, 32773 MiB, 46068 MiB, 97 %
2026/09/09 10:32:42.124, 32773 MiB, 46068 MiB, 98 %
2026/09/09 10:32:47.126, 32773 MiB, 46068 MiB, 100 %
2026/09/09 10:32:52.127, 32773 MiB, 46068 MiB, 99 %
2026/09/09 10:32:57.129, 32773 MiB, 46068 MiB, 98 %
2026/09/09 10:33:02.130, 32773 MiB, 46068 MiB, 99 %
2026/09/09 10:33:07.131, 32773 MiB, 46068 MiB, 100 %
2026/09/09 10:33:12.133, 32773 MiB, 46068 MiB, 99 %
2026/09/09 10:33:17.134, 32773 MiB, 46068 MiB, 99 %
2026/09/09 10:33:22.135, 32773 MiB, 46068 MiB, 99 %
2026/09/09 10:33:27.137, 32773 MiB, 46068 MiB, 99 %
2026/09/09 10:33:32.139, 32773 MiB, 46068 MiB, 99 %
2026/09/09 10:33:37.140, 32773 MiB, 46068 MiB, 98 %
2026/09/09 10:33:42.141, 32773 MiB, 46068 MiB, 99 %
2026/09/09 10:33:47.143, 32773 MiB, 46068 MiB, 99 %
2026/09/09 10:33:52.145, 32773 MiB, 46068 MiB, 100 %
2026/09/09 10:33:57.146, 32773 MiB, 46068 MiB, 99 %
2026/09/09 10:34:02.148, 32773 MiB, 46068 MiB, 100 %
2026/09/09 10:34:07.149, 32773 MiB, 46068 MiB, 99 %
2026/09/09 10:34:12.151, 32773 MiB, 46068 MiB, 98 %
2026/09/09 10:34:17.152, 32773 MiB, 46068 MiB, 99 %
2026/09/09 10:34:22.153, 32773 MiB, 46068 MiB, 98 %
2026/09/09 10:34:27.154, 32773 MiB, 46068 MiB, 98 %
2026/09/09 10:34:32.156, 32773 MiB, 46068 MiB, 98 %
2026/09/09 10:34:37.157, 32773 MiB, 46068 MiB, 98 %
2026/09/09 10:34:42.158, 32773 MiB, 46068 MiB, 95 %
2026/09/09 10:34:47.159, 32773 MiB, 46068 MiB, 100 %
2026/09/09 10:34:52.161, 32773 MiB, 46068 MiB, 100 %
2026/09/09 10:34:57.162, 32773 MiB, 46068 MiB, 97 %
2026/09/09 10:35:02.163, 32773 MiB, 46068 MiB, 98 %
2026/09/09 10:35:07.165, 32773 MiB, 46068 MiB, 100 %
2026/09/09 10:35:12.166, 32773 MiB, 46068 MiB, 100 %
2026/09/09 10:35:17.168, 32773 MiB, 46068 MiB, 97 %
2026/09/09 10:35:22.169, 32773 MiB, 46068 MiB, 99 %
2026/09/09 10:35:27.170, 32773 MiB, 46068 MiB, 100 %
2026/09/09 10:35:32.172, 32773 MiB, 46068 MiB, 99 %
2026/09/09 10:35:37.173, 32773 MiB, 46068 MiB, 97 %
2026/09/09 10:35:42.175, 32773 MiB, 46068 MiB, 98 %
2026/09/09 10:35:47.177, 32773 MiB, 46068 MiB, 99 %
2026/09/09 10:35:52.178, 32773 MiB, 46068 MiB, 98 %
2026/09/09 10:35:57.179, 32773 MiB, 46068 MiB, 97 %
2026/09/09 10:36:02.180, 32773 MiB, 46068 MiB, 100 %
2026/09/09 10:36:07.182, 32773 MiB, 46068 MiB, 98 %
2026/09/09 10:36:12.184, 32773 MiB, 46068 MiB, 98 %
2026/09/09 10:36:17.185, 32773 MiB, 46068 MiB, 98 %
2026/09/09 10:36:22.187, 32773 MiB, 46068 MiB, 99 %
2026/09/09 10:36:27.189, 32773 MiB, 46068 MiB, 99 %
2026/09/09 10:36:32.190, 32773 MiB, 46068 MiB, 100 %
2026/09/09 10:36:37.191, 32773 MiB, 46068 MiB, 99 %
2026/09/09 10:36:42.193, 32773 MiB, 46068 MiB, 99 %
2026/09/09 10:36:47.194, 32773 MiB, 46068 MiB, 99 %
2026/09/09 10:36:52.196, 32773 MiB, 46068 MiB, 98 %
2026/09/09 10:36:57.197, 32773 MiB, 46068 MiB, 99 %
2026/09/09 10:37:02.199, 32773 MiB, 46068 MiB, 98 %
2026/09/09 10:37:07.200, 32773 MiB, 46068 MiB, 99 %
2026/09/09 10:37:12.202, 32773 MiB, 46068 MiB, 99 %
2026/09/09 10:37:17.207, 32773 MiB, 46068 MiB, 97 %
2026/09/09 10:37:22.208, 32773 MiB, 46068 MiB, 100 %
2026/09/09 10:37:27.209, 32773 MiB, 46068 MiB, 99 %
2026/09/09 10:37:32.211, 32773 MiB, 46068 MiB, 99 %
2026/09/09 10:37:37.212, 32773 MiB, 46068 MiB, 99 %
2026/09/09 10:37:42.214, 32773 MiB, 46068 MiB, 99 %
2026/09/09 10:37:47.215, 32773 MiB, 46068 MiB, 100 %
2026/09/09 10:37:52.217, 32773 MiB, 46068 MiB, 99 %
2026/09/09 10:37:57.218, 32773 MiB, 46068 MiB, 99 %
2026/09/09 10:38:02.220, 32773 MiB, 46068 MiB, 99 %
2026/09/09 10:38:07.221, 32773 MiB, 46068 MiB, 100 %
2026/09/09 10:38:12.222, 32773 MiB, 46068 MiB, 99 %
2026/09/09 10:38:17.223, 32773 MiB, 46068 MiB, 97 %
2026/09/09 10:38:22.225, 32773 MiB, 46068 MiB, 100 %
2026/09/09 10:38:27.226, 32773 MiB, 46068 MiB, 99 %
2026/09/09 10:38:32.227, 32773 MiB, 46068 MiB, 98 %
2026/09/09 10:38:37.228, 32773 MiB, 46068 MiB, 99 %
2026/09/09 10:38:42.229, 32773 MiB, 46068 MiB, 100 %
2026/09/09 10:38:47.230, 32773 MiB, 46068 MiB, 98 %
2026/09/09 10:38:52.232, 32773 MiB, 46068 MiB, 100 %
2026/09/09 10:38:57.234, 32773 MiB, 46068 MiB, 97 %
2026/09/09 10:39:02.235, 32773 MiB, 46068 MiB, 99 %
2026/09/09 10:39:07.236, 32773 MiB, 46068 MiB, 99 %
2026/09/09 10:39:12.237, 32773 MiB, 46068 MiB, 98 %
2026/09/09 10:39:17.239, 32773 MiB, 46068 MiB, 99 %
2026/09/09 10:39:22.240, 32773 MiB, 46068 MiB, 100 %
2026/09/09 10:39:27.242, 32773 MiB, 46068 MiB, 98 %
2026/09/09 10:39:32.243, 32773 MiB, 46068 MiB, 100 %
2026/09/09 10:39:37.245, 32773 MiB, 46068 MiB, 99 %
2026/09/09 10:39:42.246, 32773 MiB, 46068 MiB, 99 %
2026/09/09 10:39:47.247, 32773 MiB, 46068 MiB, 97 %
2026/09/09 10:39:52.248, 32773 MiB, 46068 MiB, 99 %
2026/09/09 10:39:57.250, 32773 MiB, 46068 MiB, 99 %
2026/09/09 10:40:02.251, 32773 MiB, 46068 MiB, 100 %
2026/09/09 10:40:07.253, 32773 MiB, 46068 MiB, 100 %
2026/09/09 10:40:12.254, 32773 MiB, 46068 MiB, 100 %
2026/09/09 10:40:17.256, 32773 MiB, 46068 MiB, 98 %
2026/09/09 10:40:22.257, 32773 MiB, 46068 MiB, 99 %
2026/09/09 10:40:27.259, 32773 MiB, 46068 MiB, 99 %
2026/09/09 10:40:32.260, 32773 MiB, 46068 MiB, 99 %
2026/09/09 10:40:37.262, 32773 MiB, 46068 MiB, 98 %
2026/09/09 10:40:42.263, 32773 MiB, 46068 MiB, 99 %
2026/09/09 10:40:47.265, 32773 MiB, 46068 MiB, 99 %
2026/09/09 10:40:52.266, 32773 MiB, 46068 MiB, 100 %
2026/09/09 10:40:57.267, 32773 MiB, 46068 MiB, 98 %
2026/09/09 10:41:02.269, 32773 MiB, 46068 MiB, 99 %
2026/09/09 10:41:07.270, 32773 MiB, 46068 MiB, 100 %
2026/09/09 10:41:12.272, 32773 MiB, 46068 MiB, 99 %
2026/09/09 10:41:17.273, 32773 MiB, 46068 MiB, 97 %
2026/09/09 10:41:22.275, 32773 MiB, 46068 MiB, 97 %
2026/09/09 10:41:27.276, 32773 MiB, 46068 MiB, 100 %
2026/09/09 10:41:32.278, 32773 MiB, 46068 MiB, 98 %
2026/09/09 10:41:37.279, 32773 MiB, 46068 MiB, 100 %
2026/09/09 10:41:42.280, 32773 MiB, 46068 MiB, 99 %
2026/09/09 10:41:47.282, 32773 MiB, 46068 MiB, 99 %
2026/09/09 10:41:52.283, 32773 MiB, 46068 MiB, 100 %
2026/09/09 10:41:57.285, 32773 MiB, 46068 MiB, 99 %
2026/09/09 10:42:02.286, 32773 MiB, 46068 MiB, 99 %
2026/09/09 10:42:07.287, 32773 MiB, 46068 MiB, 99 %
2026/09/09 10:42:12.289, 32773 MiB, 46068 MiB, 98 %
2026/09/09 10:42:17.299, 32773 MiB, 46068 MiB, 99 %
2026/09/09 10:42:22.301, 32773 MiB, 46068 MiB, 98 %
2026/09/09 10:42:27.302, 32773 MiB, 46068 MiB, 98 %
2026/09/09 10:42:32.304, 32773 MiB, 46068 MiB, 98 %
2026/09/09 10:42:37.308, 32773 MiB, 46068 MiB, 100 %
2026/09/09 10:42:42.309, 32773 MiB, 46068 MiB, 100 %
2026/09/09 10:42:47.311, 32773 MiB, 46068 MiB, 99 %
2026/09/09 10:42:52.312, 32773 MiB, 46068 MiB, 99 %
2026/09/09 10:42:57.314, 32773 MiB, 46068 MiB, 99 %
2026/09/09 10:43:02.315, 32773 MiB, 46068 MiB, 100 %
2026/09/09 10:43:07.317, 32773 MiB, 46068 MiB, 98 %
2026/09/09 10:43:12.319, 32773 MiB, 46068 MiB, 98 %
2026/09/09 10:43:17.320, 32773 MiB, 46068 MiB, 99 %
2026/09/09 10:43:22.321, 32773 MiB, 46068 MiB, 99 %
2026/09/09 10:43:27.322, 32773 MiB, 46068 MiB, 98 %
2026/09/09 10:43:32.323, 32773 MiB, 46068 MiB, 100 %
2026/09/09 10:43:37.325, 32773 MiB, 46068 MiB, 98 %
2026/09/09 10:43:42.327, 32773 MiB, 46068 MiB, 100 %
2026/09/09 10:43:47.328, 32773 MiB, 46068 MiB, 99 %
2026/09/09 10:43:52.330, 32773 MiB, 46068 MiB, 99 %
2026/09/09 10:43:57.331, 32773 MiB, 46068 MiB, 99 %
2026/09/09 10:44:02.332, 32773 MiB, 46068 MiB, 99 %
2026/09/09 10:44:07.334, 32773 MiB, 46068 MiB, 99 %
2026/09/09 10:44:12.336, 32773 MiB, 46068 MiB, 99 %
2026/09/09 10:44:17.338, 32773 MiB, 46068 MiB, 99 %
2026/09/09 10:44:22.339, 32773 MiB, 46068 MiB, 100 %
2026/09/09 10:44:27.340, 32773 MiB, 46068 MiB, 100 %
2026/09/09 10:44:32.341, 32773 MiB, 46068 MiB, 99 %
2026/09/09 10:44:37.344, 32793 MiB, 46068 MiB, 99 %
2026/09/09 10:44:42.345, 32793 MiB, 46068 MiB, 98 %
2026/09/09 10:44:47.347, 32793 MiB, 46068 MiB, 99 %
2026/09/09 10:44:52.348, 32793 MiB, 46068 MiB, 99 %
2026/09/09 10:44:57.350, 32793 MiB, 46068 MiB, 100 %
2026/09/09 10:45:02.351, 32793 MiB, 46068 MiB, 99 %
2026/09/09 10:45:07.352, 32793 MiB, 46068 MiB, 99 %
2026/09/09 10:45:12.354, 32793 MiB, 46068 MiB, 99 %
2026/09/09 10:45:17.355, 32793 MiB, 46068 MiB, 99 %
2026/09/09 10:45:22.357, 32793 MiB, 46068 MiB, 99 %
2026/09/09 10:45:27.358, 32793 MiB, 46068 MiB, 99 %
2026/09/09 10:45:32.359, 32793 MiB, 46068 MiB, 100 %
2026/09/09 10:45:37.361, 32793 MiB, 46068 MiB, 100 %
2026/09/09 10:45:42.362, 32793 MiB, 46068 MiB, 100 %
2026/09/09 10:45:47.363, 32793 MiB, 46068 MiB, 100 %
2026/09/09 10:45:52.365, 32793 MiB, 46068 MiB, 100 %
2026/09/09 10:45:57.367, 32793 MiB, 46068 MiB, 98 %
2026/09/09 10:46:02.369, 32793 MiB, 46068 MiB, 100 %
2026/09/09 10:46:07.370, 32793 MiB, 46068 MiB, 100 %
2026/09/09 10:46:12.371, 32793 MiB, 46068 MiB, 99 %
2026/09/09 10:46:17.372, 32793 MiB, 46068 MiB, 99 %
2026/09/09 10:46:22.374, 32793 MiB, 46068 MiB, 100 %
2026/09/09 10:46:27.376, 32793 MiB, 46068 MiB, 99 %
2026/09/09 10:46:32.377, 32793 MiB, 46068 MiB, 100 %
2026/09/09 10:46:37.378, 32793 MiB, 46068 MiB, 98 %
2026/09/09 10:46:42.380, 32793 MiB, 46068 MiB, 99 %
2026/09/09 10:46:47.381, 32793 MiB, 46068 MiB, 99 %
2026/09/09 10:46:52.383, 32793 MiB, 46068 MiB, 100 %
2026/09/09 10:46:57.384, 32793 MiB, 46068 MiB, 100 %
2026/09/09 10:47:02.386, 32793 MiB, 46068 MiB, 99 %
2026/09/09 10:47:07.387, 32793 MiB, 46068 MiB, 99 %
2026/09/09 10:47:12.388, 32793 MiB, 46068 MiB, 99 %
2026/09/09 10:47:17.389, 32793 MiB, 46068 MiB, 98 %
2026/09/09 10:47:22.391, 32793 MiB, 46068 MiB, 100 %
2026/09/09 10:47:27.392, 32793 MiB, 46068 MiB, 100 %
2026/09/09 10:47:32.394, 32793 MiB, 46068 MiB, 99 %
2026/09/09 10:47:37.395, 32793 MiB, 46068 MiB, 98 %
2026/09/09 10:47:42.397, 32793 MiB, 46068 MiB, 99 %
2026/09/09 10:47:47.398, 32793 MiB, 46068 MiB, 100 %
2026/09/09 10:47:52.400, 32793 MiB, 46068 MiB, 97 %
2026/09/09 10:47:57.401, 32793 MiB, 46068 MiB, 98 %
2026/09/09 10:48:02.407, 32793 MiB, 46068 MiB, 97 %
2026/09/09 10:48:07.409, 32793 MiB, 46068 MiB, 99 %
2026/09/09 10:48:12.410, 32793 MiB, 46068 MiB, 99 %
2026/09/09 10:48:17.412, 32793 MiB, 46068 MiB, 99 %
2026/09/09 10:48:22.413, 32793 MiB, 46068 MiB, 98 %
2026/09/09 10:48:27.415, 32793 MiB, 46068 MiB, 99 %
2026/09/09 10:48:32.417, 32793 MiB, 46068 MiB, 99 %
2026/09/09 10:48:37.418, 32793 MiB, 46068 MiB, 99 %
2026/09/09 10:48:42.420, 32793 MiB, 46068 MiB, 98 %
2026/09/09 10:48:47.421, 32793 MiB, 46068 MiB, 99 %
2026/09/09 10:48:52.422, 32793 MiB, 46068 MiB, 98 %
2026/09/09 10:48:57.424, 32793 MiB, 46068 MiB, 98 %
2026/09/09 10:49:02.426, 32793 MiB, 46068 MiB, 100 %
2026/09/09 10:49:07.427, 32793 MiB, 46068 MiB, 99 %
2026/09/09 10:49:12.429, 32793 MiB, 46068 MiB, 99 %
2026/09/09 10:49:17.430, 32793 MiB, 46068 MiB, 98 %
2026/09/09 10:49:22.431, 32793 MiB, 46068 MiB, 99 %
2026/09/09 10:49:27.433, 32793 MiB, 46068 MiB, 100 %
2026/09/09 10:49:32.434, 32793 MiB, 46068 MiB, 98 %
2026/09/09 10:49:37.436, 32793 MiB, 46068 MiB, 98 %
2026/09/09 10:49:42.437, 32793 MiB, 46068 MiB, 100 %
2026/09/09 10:49:47.438, 32793 MiB, 46068 MiB, 98 %
2026/09/09 10:49:52.440, 32793 MiB, 46068 MiB, 99 %
2026/09/09 10:49:57.441, 32793 MiB, 46068 MiB, 99 %
2026/09/09 10:50:02.442, 32793 MiB, 46068 MiB, 100 %
2026/09/09 10:50:07.444, 32793 MiB, 46068 MiB, 99 %
2026/09/09 10:50:12.446, 32793 MiB, 46068 MiB, 99 %
2026/09/09 10:50:17.447, 32793 MiB, 46068 MiB, 99 %
2026/09/09 10:50:22.449, 32793 MiB, 46068 MiB, 98 %
2026/09/09 10:50:27.451, 32793 MiB, 46068 MiB, 99 %
2026/09/09 10:50:32.452, 32793 MiB, 46068 MiB, 99 %
2026/09/09 10:50:37.453, 32793 MiB, 46068 MiB, 98 %
2026/09/09 10:50:42.455, 32793 MiB, 46068 MiB, 98 %
2026/09/09 10:50:47.456, 32793 MiB, 46068 MiB, 99 %
2026/09/09 10:50:52.457, 32793 MiB, 46068 MiB, 100 %
2026/09/09 10:50:57.459, 32793 MiB, 46068 MiB, 97 %
2026/09/09 10:51:02.460, 32853 MiB, 46068 MiB, 98 %
2026/09/09 10:51:07.462, 32853 MiB, 46068 MiB, 95 %
2026/09/09 10:51:12.463, 32853 MiB, 46068 MiB, 99 %
2026/09/09 10:51:17.466, 32853 MiB, 46068 MiB, 98 %
2026/09/09 10:51:22.468, 32853 MiB, 46068 MiB, 37 %
2026/09/09 10:51:27.469, 32853 MiB, 46068 MiB, 100 %
2026/09/09 10:51:32.470, 32853 MiB, 46068 MiB, 99 %
2026/09/09 10:51:37.472, 32853 MiB, 46068 MiB, 100 %
2026/09/09 10:51:42.473, 32853 MiB, 46068 MiB, 99 %
2026/09/09 10:51:47.475, 32853 MiB, 46068 MiB, 99 %
2026/09/09 10:51:52.477, 32853 MiB, 46068 MiB, 99 %
2026/09/09 10:51:57.478, 32853 MiB, 46068 MiB, 99 %
2026/09/09 10:52:02.479, 32853 MiB, 46068 MiB, 96 %
2026/09/09 10:52:07.481, 32853 MiB, 46068 MiB, 98 %
2026/09/09 10:52:12.482, 32853 MiB, 46068 MiB, 99 %
2026/09/09 10:52:17.484, 32853 MiB, 46068 MiB, 100 %
2026/09/09 10:52:22.486, 32853 MiB, 46068 MiB, 97 %
2026/09/09 10:52:27.488, 32853 MiB, 46068 MiB, 98 %
2026/09/09 10:52:32.489, 32853 MiB, 46068 MiB, 99 %
2026/09/09 10:52:37.490, 32853 MiB, 46068 MiB, 97 %
2026/09/09 10:52:42.492, 32853 MiB, 46068 MiB, 98 %
2026/09/09 10:52:47.493, 32853 MiB, 46068 MiB, 100 %
2026/09/09 10:52:52.495, 32853 MiB, 46068 MiB, 98 %
2026/09/09 10:52:57.496, 32853 MiB, 46068 MiB, 99 %
2026/09/09 10:53:02.498, 32853 MiB, 46068 MiB, 99 %
2026/09/09 10:53:07.499, 32853 MiB, 46068 MiB, 97 %
2026/09/09 10:53:12.500, 32853 MiB, 46068 MiB, 100 %
2026/09/09 10:53:17.502, 32853 MiB, 46068 MiB, 100 %
2026/09/09 10:53:22.508, 32853 MiB, 46068 MiB, 99 %
2026/09/09 10:53:27.510, 32853 MiB, 46068 MiB, 98 %
2026/09/09 10:53:32.511, 32853 MiB, 46068 MiB, 99 %
2026/09/09 10:53:37.512, 32853 MiB, 46068 MiB, 100 %
2026/09/09 10:53:42.514, 32853 MiB, 46068 MiB, 100 %
2026/09/09 10:53:47.516, 32853 MiB, 46068 MiB, 99 %
2026/09/09 10:53:52.517, 32853 MiB, 46068 MiB, 99 %
2026/09/09 10:53:57.519, 32853 MiB, 46068 MiB, 99 %
2026/09/09 10:54:02.520, 32853 MiB, 46068 MiB, 99 %
2026/09/09 10:54:07.522, 32853 MiB, 46068 MiB, 96 %
2026/09/09 10:54:12.523, 32853 MiB, 46068 MiB, 100 %
2026/09/09 10:54:17.525, 32853 MiB, 46068 MiB, 99 %
2026/09/09 10:54:22.527, 32853 MiB, 46068 MiB, 100 %
2026/09/09 10:54:27.528, 32853 MiB, 46068 MiB, 99 %
2026/09/09 10:54:32.530, 32853 MiB, 46068 MiB, 98 %
2026/09/09 10:54:37.531, 32853 MiB, 46068 MiB, 97 %
2026/09/09 10:54:42.532, 32853 MiB, 46068 MiB, 98 %
2026/09/09 10:54:47.533, 32853 MiB, 46068 MiB, 99 %
2026/09/09 10:54:52.535, 32853 MiB, 46068 MiB, 100 %
2026/09/09 10:54:57.537, 32853 MiB, 46068 MiB, 98 %
2026/09/09 10:55:02.538, 32853 MiB, 46068 MiB, 98 %
2026/09/09 10:55:07.539, 32853 MiB, 46068 MiB, 99 %
2026/09/09 10:55:12.541, 32853 MiB, 46068 MiB, 99 %
2026/09/09 10:55:17.542, 32853 MiB, 46068 MiB, 99 %
2026/09/09 10:55:22.543, 32853 MiB, 46068 MiB, 99 %
2026/09/09 10:55:27.545, 32853 MiB, 46068 MiB, 100 %
2026/09/09 10:55:32.546, 32853 MiB, 46068 MiB, 100 %
2026/09/09 10:55:37.548, 32853 MiB, 46068 MiB, 98 %
2026/09/09 10:55:42.549, 32853 MiB, 46068 MiB, 98 %
2026/09/09 10:55:47.551, 32853 MiB, 46068 MiB, 99 %
2026/09/09 10:55:52.552, 32853 MiB, 46068 MiB, 98 %
2026/09/09 10:55:57.554, 32853 MiB, 46068 MiB, 100 %
2026/09/09 10:56:02.556, 32853 MiB, 46068 MiB, 99 %
2026/09/09 10:56:07.557, 32853 MiB, 46068 MiB, 100 %
2026/09/09 10:56:12.559, 32853 MiB, 46068 MiB, 99 %
2026/09/09 10:56:17.560, 32853 MiB, 46068 MiB, 99 %
2026/09/09 10:56:22.562, 32853 MiB, 46068 MiB, 98 %
2026/09/09 10:56:27.563, 32853 MiB, 46068 MiB, 99 %
2026/09/09 10:56:32.565, 32853 MiB, 46068 MiB, 99 %
2026/09/09 10:56:37.567, 32853 MiB, 46068 MiB, 99 %
2026/09/09 10:56:42.568, 32853 MiB, 46068 MiB, 100 %
2026/09/09 10:56:47.570, 32853 MiB, 46068 MiB, 99 %
2026/09/09 10:56:52.571, 32853 MiB, 46068 MiB, 98 %
2026/09/09 10:56:57.572, 32853 MiB, 46068 MiB, 99 %
2026/09/09 10:57:02.574, 32853 MiB, 46068 MiB, 99 %
2026/09/09 10:57:07.575, 32853 MiB, 46068 MiB, 100 %
2026/09/09 10:57:12.577, 32853 MiB, 46068 MiB, 100 %
2026/09/09 10:57:17.578, 32853 MiB, 46068 MiB, 100 %
2026/09/09 10:57:22.579, 32853 MiB, 46068 MiB, 99 %
2026/09/09 10:57:27.581, 32853 MiB, 46068 MiB, 100 %
2026/09/09 10:57:32.582, 32853 MiB, 46068 MiB, 97 %
2026/09/09 10:57:37.587, 32853 MiB, 46068 MiB, 100 %
2026/09/09 10:57:42.589, 32853 MiB, 46068 MiB, 99 %
2026/09/09 10:57:47.590, 32853 MiB, 46068 MiB, 99 %
2026/09/09 10:57:52.592, 32853 MiB, 46068 MiB, 100 %
2026/09/09 10:57:57.593, 32853 MiB, 46068 MiB, 99 %
2026/09/09 10:58:02.595, 32853 MiB, 46068 MiB, 99 %
2026/09/09 10:58:07.597, 32853 MiB, 46068 MiB, 99 %
2026/09/09 10:58:12.599, 32853 MiB, 46068 MiB, 99 %
2026/09/09 10:58:17.600, 32853 MiB, 46068 MiB, 97 %
2026/09/09 10:58:22.601, 32853 MiB, 46068 MiB, 100 %
2026/09/09 10:58:27.603, 32853 MiB, 46068 MiB, 98 %
2026/09/09 10:58:32.604, 32853 MiB, 46068 MiB, 99 %
2026/09/09 10:58:37.611, 32853 MiB, 46068 MiB, 99 %
2026/09/09 10:58:42.612, 32853 MiB, 46068 MiB, 99 %
2026/09/09 10:58:47.613, 32853 MiB, 46068 MiB, 99 %
2026/09/09 10:58:52.615, 32853 MiB, 46068 MiB, 100 %
2026/09/09 10:58:57.617, 32853 MiB, 46068 MiB, 98 %
2026/09/09 10:59:02.619, 32853 MiB, 46068 MiB, 99 %
2026/09/09 10:59:07.621, 32853 MiB, 46068 MiB, 98 %
2026/09/09 10:59:12.622, 32853 MiB, 46068 MiB, 99 %
2026/09/09 10:59:17.623, 32853 MiB, 46068 MiB, 98 %
2026/09/09 10:59:22.624, 32853 MiB, 46068 MiB, 99 %
2026/09/09 10:59:27.626, 32853 MiB, 46068 MiB, 98 %
2026/09/09 10:59:32.627, 32853 MiB, 46068 MiB, 99 %
2026/09/09 10:59:37.629, 32853 MiB, 46068 MiB, 97 %
2026/09/09 10:59:42.631, 32853 MiB, 46068 MiB, 99 %
2026/09/09 10:59:47.632, 32853 MiB, 46068 MiB, 98 %
2026/09/09 10:59:52.634, 32853 MiB, 46068 MiB, 99 %
2026/09/09 10:59:57.635, 32853 MiB, 46068 MiB, 99 %
2026/09/09 11:00:02.636, 32853 MiB, 46068 MiB, 99 %
2026/09/09 11:00:07.638, 32853 MiB, 46068 MiB, 98 %
2026/09/09 11:00:12.640, 32853 MiB, 46068 MiB, 99 %
2026/09/09 11:00:17.642, 32853 MiB, 46068 MiB, 99 %
2026/09/09 11:00:22.643, 32853 MiB, 46068 MiB, 98 %
2026/09/09 11:00:27.645, 32853 MiB, 46068 MiB, 99 %
2026/09/09 11:00:32.646, 32853 MiB, 46068 MiB, 100 %
2026/09/09 11:00:37.648, 32853 MiB, 46068 MiB, 100 %
2026/09/09 11:00:42.650, 32853 MiB, 46068 MiB, 100 %
2026/09/09 11:00:47.651, 32853 MiB, 46068 MiB, 98 %
2026/09/09 11:00:52.653, 32853 MiB, 46068 MiB, 99 %
2026/09/09 11:00:57.654, 32853 MiB, 46068 MiB, 98 %
2026/09/09 11:01:02.656, 32853 MiB, 46068 MiB, 99 %
2026/09/09 11:01:07.657, 32853 MiB, 46068 MiB, 100 %
2026/09/09 11:01:12.659, 32853 MiB, 46068 MiB, 96 %
2026/09/09 11:01:17.661, 32853 MiB, 46068 MiB, 99 %
2026/09/09 11:01:22.662, 32853 MiB, 46068 MiB, 98 %
2026/09/09 11:01:27.664, 32853 MiB, 46068 MiB, 100 %
2026/09/09 11:01:32.665, 32853 MiB, 46068 MiB, 99 %
2026/09/09 11:01:37.667, 32853 MiB, 46068 MiB, 100 %
2026/09/09 11:01:42.669, 32853 MiB, 46068 MiB, 99 %
2026/09/09 11:01:47.671, 32853 MiB, 46068 MiB, 99 %
2026/09/09 11:01:52.673, 32853 MiB, 46068 MiB, 100 %
2026/09/09 11:01:57.674, 32853 MiB, 46068 MiB, 99 %
2026/09/09 11:02:02.676, 32853 MiB, 46068 MiB, 99 %
2026/09/09 11:02:07.677, 32853 MiB, 46068 MiB, 99 %
2026/09/09 11:02:12.679, 32853 MiB, 46068 MiB, 99 %
2026/09/09 11:02:17.680, 32853 MiB, 46068 MiB, 99 %
2026/09/09 11:02:22.684, 32853 MiB, 46068 MiB, 98 %
2026/09/09 11:02:27.686, 32853 MiB, 46068 MiB, 99 %
2026/09/09 11:02:32.687, 32853 MiB, 46068 MiB, 100 %
2026/09/09 11:02:37.688, 32853 MiB, 46068 MiB, 98 %
2026/09/09 11:02:42.690, 32853 MiB, 46068 MiB, 98 %
2026/09/09 11:02:47.692, 32853 MiB, 46068 MiB, 98 %
2026/09/09 11:02:52.694, 32853 MiB, 46068 MiB, 100 %
2026/09/09 11:02:57.695, 32853 MiB, 46068 MiB, 99 %
2026/09/09 11:03:02.697, 32853 MiB, 46068 MiB, 100 %
2026/09/09 11:03:07.698, 32853 MiB, 46068 MiB, 100 %
2026/09/09 11:03:12.700, 32853 MiB, 46068 MiB, 57 %
2026/09/09 11:03:17.702, 32853 MiB, 46068 MiB, 99 %
2026/09/09 11:03:22.704, 32853 MiB, 46068 MiB, 99 %
2026/09/09 11:03:27.705, 32853 MiB, 46068 MiB, 96 %
2026/09/09 11:03:32.706, 32853 MiB, 46068 MiB, 98 %
2026/09/09 11:03:37.708, 32853 MiB, 46068 MiB, 99 %
2026/09/09 11:03:42.709, 32853 MiB, 46068 MiB, 99 %
2026/09/09 11:03:47.714, 32853 MiB, 46068 MiB, 100 %
2026/09/09 11:03:52.716, 32853 MiB, 46068 MiB, 99 %
2026/09/09 11:03:57.717, 32853 MiB, 46068 MiB, 99 %
2026/09/09 11:04:02.719, 32853 MiB, 46068 MiB, 98 %
2026/09/09 11:04:07.720, 32853 MiB, 46068 MiB, 98 %
2026/09/09 11:04:12.722, 32853 MiB, 46068 MiB, 100 %
2026/09/09 11:04:17.723, 32853 MiB, 46068 MiB, 100 %
2026/09/09 11:04:22.725, 32853 MiB, 46068 MiB, 99 %
2026/09/09 11:04:27.727, 32853 MiB, 46068 MiB, 100 %
2026/09/09 11:04:32.729, 32853 MiB, 46068 MiB, 99 %
2026/09/09 11:04:37.730, 32853 MiB, 46068 MiB, 98 %
2026/09/09 11:04:42.732, 32853 MiB, 46068 MiB, 99 %
2026/09/09 11:04:47.734, 32853 MiB, 46068 MiB, 98 %
2026/09/09 11:04:52.735, 32853 MiB, 46068 MiB, 98 %
2026/09/09 11:04:57.737, 32853 MiB, 46068 MiB, 99 %
2026/09/09 11:05:02.738, 32853 MiB, 46068 MiB, 98 %
2026/09/09 11:05:07.740, 32853 MiB, 46068 MiB, 99 %
2026/09/09 11:05:12.741, 32853 MiB, 46068 MiB, 99 %
2026/09/09 11:05:17.743, 32853 MiB, 46068 MiB, 99 %
2026/09/09 11:05:22.745, 32853 MiB, 46068 MiB, 99 %
2026/09/09 11:05:27.746, 32853 MiB, 46068 MiB, 99 %
2026/09/09 11:05:32.748, 32853 MiB, 46068 MiB, 99 %
2026/09/09 11:05:37.749, 32853 MiB, 46068 MiB, 100 %
2026/09/09 11:05:42.750, 32853 MiB, 46068 MiB, 99 %
2026/09/09 11:05:47.752, 32853 MiB, 46068 MiB, 98 %
2026/09/09 11:05:52.754, 32853 MiB, 46068 MiB, 98 %
2026/09/09 11:05:57.755, 32853 MiB, 46068 MiB, 99 %
2026/09/09 11:06:02.756, 32853 MiB, 46068 MiB, 98 %
2026/09/09 11:06:07.757, 32853 MiB, 46068 MiB, 99 %
2026/09/09 11:06:12.759, 32853 MiB, 46068 MiB, 98 %
2026/09/09 11:06:17.760, 32853 MiB, 46068 MiB, 99 %
2026/09/09 11:06:22.762, 32853 MiB, 46068 MiB, 97 %
2026/09/09 11:06:27.763, 32853 MiB, 46068 MiB, 98 %
2026/09/09 11:06:32.765, 32853 MiB, 46068 MiB, 99 %
2026/09/09 11:06:37.766, 32853 MiB, 46068 MiB, 100 %
2026/09/09 11:06:42.767, 32853 MiB, 46068 MiB, 99 %
2026/09/09 11:06:47.768, 32853 MiB, 46068 MiB, 98 %
2026/09/09 11:06:52.769, 32853 MiB, 46068 MiB, 100 %
2026/09/09 11:06:57.771, 32853 MiB, 46068 MiB, 100 %
2026/09/09 11:07:02.773, 32853 MiB, 46068 MiB, 99 %
2026/09/09 11:07:07.774, 32853 MiB, 46068 MiB, 99 %
2026/09/09 11:07:12.776, 32853 MiB, 46068 MiB, 98 %
2026/09/09 11:07:17.777, 32853 MiB, 46068 MiB, 99 %
2026/09/09 11:07:22.778, 32853 MiB, 46068 MiB, 99 %
2026/09/09 11:07:27.780, 32853 MiB, 46068 MiB, 100 %
2026/09/09 11:07:32.782, 32853 MiB, 46068 MiB, 97 %
2026/09/09 11:07:37.784, 32853 MiB, 46068 MiB, 97 %
2026/09/09 11:07:42.785, 32853 MiB, 46068 MiB, 98 %
2026/09/09 11:07:47.786, 32853 MiB, 46068 MiB, 100 %
2026/09/09 11:07:52.788, 32853 MiB, 46068 MiB, 100 %
2026/09/09 11:07:57.789, 32853 MiB, 46068 MiB, 100 %
2026/09/09 11:08:02.791, 32853 MiB, 46068 MiB, 100 %
2026/09/09 11:08:07.792, 32853 MiB, 46068 MiB, 99 %
2026/09/09 11:08:12.794, 32853 MiB, 46068 MiB, 99 %
2026/09/09 11:08:17.795, 32853 MiB, 46068 MiB, 97 %
2026/09/09 11:08:22.796, 32853 MiB, 46068 MiB, 99 %
2026/09/09 11:08:27.798, 32853 MiB, 46068 MiB, 97 %
2026/09/09 11:08:32.799, 32853 MiB, 46068 MiB, 99 %
2026/09/09 11:08:37.801, 32853 MiB, 46068 MiB, 100 %
2026/09/09 11:08:42.802, 32853 MiB, 46068 MiB, 100 %
2026/09/09 11:08:47.804, 32853 MiB, 46068 MiB, 100 %
2026/09/09 11:08:52.805, 32853 MiB, 46068 MiB, 100 %
2026/09/09 11:08:57.807, 32853 MiB, 46068 MiB, 98 %
2026/09/09 11:09:02.808, 32853 MiB, 46068 MiB, 100 %
2026/09/09 11:09:07.815, 32853 MiB, 46068 MiB, 100 %
2026/09/09 11:09:12.817, 32853 MiB, 46068 MiB, 98 %
2026/09/09 11:09:17.818, 32853 MiB, 46068 MiB, 98 %
2026/09/09 11:09:22.820, 32853 MiB, 46068 MiB, 99 %
2026/09/09 11:09:27.821, 32853 MiB, 46068 MiB, 100 %
2026/09/09 11:09:32.823, 32853 MiB, 46068 MiB, 98 %
2026/09/09 11:09:37.824, 32853 MiB, 46068 MiB, 99 %
2026/09/09 11:09:42.826, 32853 MiB, 46068 MiB, 98 %
2026/09/09 11:09:47.828, 32853 MiB, 46068 MiB, 98 %
2026/09/09 11:09:52.829, 32853 MiB, 46068 MiB, 98 %
2026/09/09 11:09:57.830, 32853 MiB, 46068 MiB, 99 %
2026/09/09 11:10:02.832, 32853 MiB, 46068 MiB, 100 %
2026/09/09 11:10:07.834, 32853 MiB, 46068 MiB, 96 %
2026/09/09 11:10:12.836, 32853 MiB, 46068 MiB, 100 %
2026/09/09 11:10:17.837, 32853 MiB, 46068 MiB, 98 %
2026/09/09 11:10:22.838, 32853 MiB, 46068 MiB, 99 %
2026/09/09 11:10:27.839, 32853 MiB, 46068 MiB, 99 %
2026/09/09 11:10:32.841, 32853 MiB, 46068 MiB, 98 %
2026/09/09 11:10:37.843, 32853 MiB, 46068 MiB, 100 %
2026/09/09 11:10:42.844, 32853 MiB, 46068 MiB, 95 %
2026/09/09 11:10:47.846, 32853 MiB, 46068 MiB, 99 %
2026/09/09 11:10:52.847, 32853 MiB, 46068 MiB, 98 %
2026/09/09 11:10:57.848, 32853 MiB, 46068 MiB, 100 %
2026/09/09 11:11:02.850, 32853 MiB, 46068 MiB, 100 %
2026/09/09 11:11:07.851, 32853 MiB, 46068 MiB, 98 %
2026/09/09 11:11:12.853, 32853 MiB, 46068 MiB, 99 %
2026/09/09 11:11:17.855, 32853 MiB, 46068 MiB, 99 %
2026/09/09 11:11:22.856, 32853 MiB, 46068 MiB, 98 %
2026/09/09 11:11:27.859, 32853 MiB, 46068 MiB, 100 %
2026/09/09 11:11:32.861, 32853 MiB, 46068 MiB, 98 %
2026/09/09 11:11:37.863, 32853 MiB, 46068 MiB, 98 %
2026/09/09 11:11:42.864, 32853 MiB, 46068 MiB, 99 %
2026/09/09 11:11:47.866, 32853 MiB, 46068 MiB, 94 %
2026/09/09 11:11:52.867, 32853 MiB, 46068 MiB, 98 %
2026/09/09 11:11:57.868, 32853 MiB, 46068 MiB, 99 %
2026/09/09 11:12:02.870, 32853 MiB, 46068 MiB, 98 %
2026/09/09 11:12:07.871, 32853 MiB, 46068 MiB, 99 %
2026/09/09 11:12:12.873, 32853 MiB, 46068 MiB, 98 %
2026/09/09 11:12:17.875, 32853 MiB, 46068 MiB, 98 %
2026/09/09 11:12:22.876, 32853 MiB, 46068 MiB, 99 %
2026/09/09 11:12:27.878, 32853 MiB, 46068 MiB, 100 %
2026/09/09 11:12:32.879, 32853 MiB, 46068 MiB, 100 %
2026/09/09 11:12:37.880, 32853 MiB, 46068 MiB, 100 %
2026/09/09 11:12:42.882, 32853 MiB, 46068 MiB, 99 %
2026/09/09 11:12:47.884, 32853 MiB, 46068 MiB, 99 %
2026/09/09 11:12:52.885, 32853 MiB, 46068 MiB, 100 %
2026/09/09 11:12:57.887, 32853 MiB, 46068 MiB, 99 %
2026/09/09 11:13:02.888, 32853 MiB, 46068 MiB, 98 %
2026/09/09 11:13:07.890, 32853 MiB, 46068 MiB, 99 %
2026/09/09 11:13:12.891, 32853 MiB, 46068 MiB, 99 %
2026/09/09 11:13:17.893, 32853 MiB, 46068 MiB, 100 %
2026/09/09 11:13:22.895, 32853 MiB, 46068 MiB, 99 %
2026/09/09 11:13:27.896, 32853 MiB, 46068 MiB, 99 %
2026/09/09 11:13:32.897, 32853 MiB, 46068 MiB, 98 %
2026/09/09 11:13:37.898, 32853 MiB, 46068 MiB, 97 %
2026/09/09 11:13:42.900, 32853 MiB, 46068 MiB, 99 %
2026/09/09 11:13:47.901, 32853 MiB, 46068 MiB, 98 %
2026/09/09 11:13:52.903, 32853 MiB, 46068 MiB, 99 %
2026/09/09 11:13:57.905, 32853 MiB, 46068 MiB, 99 %
2026/09/09 11:14:02.906, 32853 MiB, 46068 MiB, 99 %
2026/09/09 11:14:07.907, 32853 MiB, 46068 MiB, 98 %
2026/09/09 11:14:12.909, 32853 MiB, 46068 MiB, 98 %
2026/09/09 11:14:17.910, 32853 MiB, 46068 MiB, 98 %
2026/09/09 11:14:22.918, 32853 MiB, 46068 MiB, 100 %
2026/09/09 11:14:27.919, 32853 MiB, 46068 MiB, 100 %
2026/09/09 11:14:32.921, 32853 MiB, 46068 MiB, 99 %
2026/09/09 11:14:37.922, 32853 MiB, 46068 MiB, 100 %
2026/09/09 11:14:42.924, 32853 MiB, 46068 MiB, 99 %
2026/09/09 11:14:47.925, 32853 MiB, 46068 MiB, 99 %
2026/09/09 11:14:52.927, 32853 MiB, 46068 MiB, 99 %
2026/09/09 11:14:57.928, 32853 MiB, 46068 MiB, 99 %
2026/09/09 11:15:02.933, 32853 MiB, 46068 MiB, 99 %
2026/09/09 11:15:07.935, 32853 MiB, 46068 MiB, 99 %
2026/09/09 11:15:12.937, 32853 MiB, 46068 MiB, 100 %
2026/09/09 11:15:17.938, 32853 MiB, 46068 MiB, 99 %
2026/09/09 11:15:22.940, 32853 MiB, 46068 MiB, 100 %
2026/09/09 11:15:27.941, 32853 MiB, 46068 MiB, 98 %
2026/09/09 11:15:32.943, 32853 MiB, 46068 MiB, 100 %
2026/09/09 11:15:37.944, 32853 MiB, 46068 MiB, 98 %
2026/09/09 11:15:42.946, 32853 MiB, 46068 MiB, 98 %
2026/09/09 11:15:47.949, 32853 MiB, 46068 MiB, 99 %
2026/09/09 11:15:52.951, 32853 MiB, 46068 MiB, 100 %
2026/09/09 11:15:57.953, 32853 MiB, 46068 MiB, 99 %
2026/09/09 11:16:02.955, 32853 MiB, 46068 MiB, 100 %
2026/09/09 11:16:07.956, 32853 MiB, 46068 MiB, 100 %
2026/09/09 11:16:12.958, 32853 MiB, 46068 MiB, 99 %
2026/09/09 11:16:17.959, 32853 MiB, 46068 MiB, 99 %
2026/09/09 11:16:22.961, 32853 MiB, 46068 MiB, 99 %
2026/09/09 11:16:27.962, 32853 MiB, 46068 MiB, 100 %
2026/09/09 11:16:32.972, 32853 MiB, 46068 MiB, 98 %
2026/09/09 11:16:37.973, 32853 MiB, 46068 MiB, 100 %
2026/09/09 11:16:42.975, 32853 MiB, 46068 MiB, 100 %
2026/09/09 11:16:47.977, 32853 MiB, 46068 MiB, 99 %
2026/09/09 11:16:52.978, 32853 MiB, 46068 MiB, 99 %
2026/09/09 11:16:57.979, 32853 MiB, 46068 MiB, 99 %
2026/09/09 11:17:02.980, 32853 MiB, 46068 MiB, 100 %
2026/09/09 11:17:07.982, 32853 MiB, 46068 MiB, 99 %
2026/09/09 11:17:12.984, 32853 MiB, 46068 MiB, 100 %
2026/09/09 11:17:17.985, 32853 MiB, 46068 MiB, 99 %
2026/09/09 11:17:22.987, 32853 MiB, 46068 MiB, 99 %
2026/09/09 11:17:27.988, 32853 MiB, 46068 MiB, 98 %
2026/09/09 11:17:32.989, 32853 MiB, 46068 MiB, 98 %
2026/09/09 11:17:37.991, 32853 MiB, 46068 MiB, 99 %
2026/09/09 11:17:42.993, 32853 MiB, 46068 MiB, 100 %
2026/09/09 11:17:47.995, 32853 MiB, 46068 MiB, 100 %
2026/09/09 11:17:52.996, 32853 MiB, 46068 MiB, 100 %
2026/09/09 11:17:57.997, 32853 MiB, 46068 MiB, 100 %
2026/09/09 11:18:02.999, 32853 MiB, 46068 MiB, 100 %
2026/09/09 11:18:08.000, 32853 MiB, 46068 MiB, 98 %
2026/09/09 11:18:13.002, 32853 MiB, 46068 MiB, 100 %
2026/09/09 11:18:18.003, 32853 MiB, 46068 MiB, 100 %
2026/09/09 11:18:23.005, 32853 MiB, 46068 MiB, 100 %
2026/09/09 11:18:28.007, 32853 MiB, 46068 MiB, 99 %
2026/09/09 11:18:33.008, 32853 MiB, 46068 MiB, 100 %
2026/09/09 11:18:38.009, 32853 MiB, 46068 MiB, 99 %
2026/09/09 11:18:43.011, 32853 MiB, 46068 MiB, 98 %
2026/09/09 11:18:48.013, 32853 MiB, 46068 MiB, 100 %
2026/09/09 11:18:53.015, 32853 MiB, 46068 MiB, 100 %
2026/09/09 11:18:58.016, 32853 MiB, 46068 MiB, 99 %
2026/09/09 11:19:03.018, 32853 MiB, 46068 MiB, 99 %
2026/09/09 11:19:08.019, 32853 MiB, 46068 MiB, 99 %
2026/09/09 11:19:13.021, 32853 MiB, 46068 MiB, 99 %
2026/09/09 11:19:18.026, 32853 MiB, 46068 MiB, 100 %
2026/09/09 11:19:23.028, 32853 MiB, 46068 MiB, 98 %
2026/09/09 11:19:28.029, 32853 MiB, 46068 MiB, 99 %
2026/09/09 11:19:33.031, 32853 MiB, 46068 MiB, 100 %
2026/09/09 11:19:38.032, 32853 MiB, 46068 MiB, 98 %
2026/09/09 11:19:43.034, 32853 MiB, 46068 MiB, 99 %
2026/09/09 11:19:48.035, 32853 MiB, 46068 MiB, 98 %
2026/09/09 11:19:53.037, 32853 MiB, 46068 MiB, 99 %
2026/09/09 11:19:58.039, 32853 MiB, 46068 MiB, 99 %
2026/09/09 11:20:03.040, 32853 MiB, 46068 MiB, 98 %
2026/09/09 11:20:08.042, 32853 MiB, 46068 MiB, 98 %
2026/09/09 11:20:13.043, 32853 MiB, 46068 MiB, 98 %
2026/09/09 11:20:18.045, 32853 MiB, 46068 MiB, 99 %
2026/09/09 11:20:23.047, 32853 MiB, 46068 MiB, 100 %
2026/09/09 11:20:28.048, 32853 MiB, 46068 MiB, 98 %
2026/09/09 11:20:33.050, 32853 MiB, 46068 MiB, 98 %
2026/09/09 11:20:38.051, 32853 MiB, 46068 MiB, 99 %
2026/09/09 11:20:43.052, 32853 MiB, 46068 MiB, 99 %
2026/09/09 11:20:48.054, 32853 MiB, 46068 MiB, 98 %
2026/09/09 11:20:53.056, 32853 MiB, 46068 MiB, 98 %
2026/09/09 11:20:58.058, 32853 MiB, 46068 MiB, 100 %
2026/09/09 11:21:03.059, 32853 MiB, 46068 MiB, 98 %
2026/09/09 11:21:08.060, 32853 MiB, 46068 MiB, 96 %
2026/09/09 11:21:13.062, 32853 MiB, 46068 MiB, 98 %
2026/09/09 11:21:18.064, 32853 MiB, 46068 MiB, 99 %
2026/09/09 11:21:23.065, 32853 MiB, 46068 MiB, 95 %
2026/09/09 11:21:28.067, 32853 MiB, 46068 MiB, 99 %
2026/09/09 11:21:33.068, 32853 MiB, 46068 MiB, 100 %
2026/09/09 11:21:38.070, 32853 MiB, 46068 MiB, 100 %
2026/09/09 11:21:43.071, 32853 MiB, 46068 MiB, 98 %
2026/09/09 11:21:48.073, 32853 MiB, 46068 MiB, 100 %
2026/09/09 11:21:53.075, 32853 MiB, 46068 MiB, 99 %
2026/09/09 11:21:58.077, 32853 MiB, 46068 MiB, 97 %
2026/09/09 11:22:03.078, 32853 MiB, 46068 MiB, 99 %
2026/09/09 11:22:08.080, 32853 MiB, 46068 MiB, 98 %
2026/09/09 11:22:13.081, 32853 MiB, 46068 MiB, 100 %
2026/09/09 11:22:18.082, 32853 MiB, 46068 MiB, 98 %
2026/09/09 11:22:23.084, 32853 MiB, 46068 MiB, 98 %
2026/09/09 11:22:28.086, 32853 MiB, 46068 MiB, 99 %
2026/09/09 11:22:33.087, 32853 MiB, 46068 MiB, 100 %
2026/09/09 11:22:38.089, 32853 MiB, 46068 MiB, 98 %
2026/09/09 11:22:43.090, 32853 MiB, 46068 MiB, 99 %
2026/09/09 11:22:48.091, 32853 MiB, 46068 MiB, 98 %
2026/09/09 11:22:53.092, 32853 MiB, 46068 MiB, 98 %
2026/09/09 11:22:58.094, 32853 MiB, 46068 MiB, 98 %
2026/09/09 11:23:03.096, 32853 MiB, 46068 MiB, 99 %
2026/09/09 11:23:08.098, 32853 MiB, 46068 MiB, 98 %
2026/09/09 11:23:13.099, 32853 MiB, 46068 MiB, 100 %
2026/09/09 11:23:18.100, 32853 MiB, 46068 MiB, 99 %
2026/09/09 11:23:23.101, 32853 MiB, 46068 MiB, 98 %
2026/09/09 11:23:28.103, 32853 MiB, 46068 MiB, 98 %
2026/09/09 11:23:33.105, 32853 MiB, 46068 MiB, 100 %
2026/09/09 11:23:38.106, 32853 MiB, 46068 MiB, 100 %
2026/09/09 11:23:43.107, 32853 MiB, 46068 MiB, 100 %
2026/09/09 11:23:48.109, 32853 MiB, 46068 MiB, 94 %
2026/09/09 11:23:53.110, 32853 MiB, 46068 MiB, 100 %
2026/09/09 11:23:58.111, 32853 MiB, 46068 MiB, 99 %
2026/09/09 11:24:03.113, 32853 MiB, 46068 MiB, 98 %
2026/09/09 11:24:08.115, 32853 MiB, 46068 MiB, 99 %
2026/09/09 11:24:13.117, 32853 MiB, 46068 MiB, 100 %
2026/09/09 11:24:18.118, 32853 MiB, 46068 MiB, 98 %
2026/09/09 11:24:23.120, 32853 MiB, 46068 MiB, 98 %
2026/09/09 11:24:28.121, 32853 MiB, 46068 MiB, 99 %
2026/09/09 11:24:33.123, 32853 MiB, 46068 MiB, 100 %
2026/09/09 11:24:38.127, 32853 MiB, 46068 MiB, 100 %
2026/09/09 11:24:43.128, 32853 MiB, 46068 MiB, 99 %
2026/09/09 11:24:48.129, 32853 MiB, 46068 MiB, 100 %
2026/09/09 11:24:53.131, 32853 MiB, 46068 MiB, 99 %
2026/09/09 11:24:58.135, 32853 MiB, 46068 MiB, 98 %
2026/09/09 11:25:03.136, 32853 MiB, 46068 MiB, 99 %
2026/09/09 11:25:08.138, 32853 MiB, 46068 MiB, 99 %
2026/09/09 11:25:13.139, 32853 MiB, 46068 MiB, 100 %
2026/09/09 11:25:18.142, 32853 MiB, 46068 MiB, 100 %
2026/09/09 11:25:23.143, 32853 MiB, 46068 MiB, 99 %
2026/09/09 11:25:28.144, 32853 MiB, 46068 MiB, 99 %
2026/09/09 11:25:33.146, 32853 MiB, 46068 MiB, 98 %
2026/09/09 11:25:38.148, 32853 MiB, 46068 MiB, 98 %
2026/09/09 11:25:43.149, 32853 MiB, 46068 MiB, 99 %
2026/09/09 11:25:48.151, 32853 MiB, 46068 MiB, 98 %
2026/09/09 11:25:53.152, 32853 MiB, 46068 MiB, 97 %
2026/09/09 11:25:58.154, 32853 MiB, 46068 MiB, 99 %
2026/09/09 11:26:03.156, 32853 MiB, 46068 MiB, 99 %
2026/09/09 11:26:08.157, 32853 MiB, 46068 MiB, 99 %
2026/09/09 11:26:13.159, 32853 MiB, 46068 MiB, 99 %
2026/09/09 11:26:18.161, 32853 MiB, 46068 MiB, 98 %
2026/09/09 11:26:23.162, 32853 MiB, 46068 MiB, 99 %
2026/09/09 11:26:28.163, 32853 MiB, 46068 MiB, 100 %
2026/09/09 11:26:33.165, 32853 MiB, 46068 MiB, 99 %
2026/09/09 11:26:38.166, 32853 MiB, 46068 MiB, 99 %
2026/09/09 11:26:43.168, 32853 MiB, 46068 MiB, 99 %
2026/09/09 11:26:48.169, 32853 MiB, 46068 MiB, 99 %
2026/09/09 11:26:53.171, 32853 MiB, 46068 MiB, 99 %
2026/09/09 11:26:58.173, 32853 MiB, 46068 MiB, 99 %
2026/09/09 11:27:03.174, 32853 MiB, 46068 MiB, 98 %
2026/09/09 11:27:08.176, 32853 MiB, 46068 MiB, 100 %
2026/09/09 11:27:13.177, 32853 MiB, 46068 MiB, 99 %
2026/09/09 11:27:18.179, 32853 MiB, 46068 MiB, 94 %
2026/09/09 11:27:23.180, 32853 MiB, 46068 MiB, 99 %
2026/09/09 11:27:28.182, 32853 MiB, 46068 MiB, 99 %
2026/09/09 11:27:33.183, 32853 MiB, 46068 MiB, 99 %
2026/09/09 11:27:38.184, 32853 MiB, 46068 MiB, 98 %
2026/09/09 11:27:43.186, 32853 MiB, 46068 MiB, 98 %
2026/09/09 11:27:48.188, 32853 MiB, 46068 MiB, 100 %
2026/09/09 11:27:53.190, 32853 MiB, 46068 MiB, 99 %
2026/09/09 11:27:58.191, 32853 MiB, 46068 MiB, 100 %
2026/09/09 11:28:03.192, 32853 MiB, 46068 MiB, 99 %
2026/09/09 11:28:08.193, 32853 MiB, 46068 MiB, 98 %
2026/09/09 11:28:13.195, 32853 MiB, 46068 MiB, 99 %
2026/09/09 11:28:18.197, 32853 MiB, 46068 MiB, 98 %
2026/09/09 11:28:23.201, 32853 MiB, 46068 MiB, 97 %
2026/09/09 11:28:28.203, 32853 MiB, 46068 MiB, 99 %
2026/09/09 11:28:33.204, 32853 MiB, 46068 MiB, 100 %
2026/09/09 11:28:38.205, 32853 MiB, 46068 MiB, 98 %
2026/09/09 11:28:43.207, 32853 MiB, 46068 MiB, 98 %
2026/09/09 11:28:48.209, 32853 MiB, 46068 MiB, 98 %
2026/09/09 11:28:53.212, 32853 MiB, 46068 MiB, 99 %
2026/09/09 11:28:58.213, 32853 MiB, 46068 MiB, 98 %
2026/09/09 11:29:03.215, 32853 MiB, 46068 MiB, 100 %
2026/09/09 11:29:08.216, 32853 MiB, 46068 MiB, 100 %
2026/09/09 11:29:13.218, 32853 MiB, 46068 MiB, 99 %
2026/09/09 11:29:18.220, 32853 MiB, 46068 MiB, 98 %
2026/09/09 11:29:23.222, 32853 MiB, 46068 MiB, 97 %
2026/09/09 11:29:28.223, 32853 MiB, 46068 MiB, 98 %
2026/09/09 11:29:33.225, 32853 MiB, 46068 MiB, 99 %
2026/09/09 11:29:38.226, 32853 MiB, 46068 MiB, 100 %
2026/09/09 11:29:43.232, 32853 MiB, 46068 MiB, 99 %
2026/09/09 11:29:48.234, 32853 MiB, 46068 MiB, 99 %
2026/09/09 11:29:53.235, 32853 MiB, 46068 MiB, 99 %
2026/09/09 11:29:58.236, 32853 MiB, 46068 MiB, 100 %
2026/09/09 11:30:03.238, 32853 MiB, 46068 MiB, 99 %
2026/09/09 11:30:08.239, 32853 MiB, 46068 MiB, 100 %
2026/09/09 11:30:13.241, 32853 MiB, 46068 MiB, 98 %
2026/09/09 11:30:18.243, 32853 MiB, 46068 MiB, 100 %
2026/09/09 11:30:23.244, 32853 MiB, 46068 MiB, 98 %
2026/09/09 11:30:28.246, 32853 MiB, 46068 MiB, 98 %
2026/09/09 11:30:33.247, 32853 MiB, 46068 MiB, 98 %
2026/09/09 11:30:38.249, 32853 MiB, 46068 MiB, 97 %
2026/09/09 11:30:43.250, 32853 MiB, 46068 MiB, 98 %
2026/09/09 11:30:48.252, 32853 MiB, 46068 MiB, 98 %
2026/09/09 11:30:53.254, 32853 MiB, 46068 MiB, 99 %
2026/09/09 11:30:58.255, 32853 MiB, 46068 MiB, 99 %
2026/09/09 11:31:03.256, 32853 MiB, 46068 MiB, 98 %
2026/09/09 11:31:08.258, 32853 MiB, 46068 MiB, 100 %
2026/09/09 11:31:13.260, 32853 MiB, 46068 MiB, 100 %
2026/09/09 11:31:18.261, 32853 MiB, 46068 MiB, 100 %
2026/09/09 11:31:23.263, 32853 MiB, 46068 MiB, 100 %
2026/09/09 11:31:28.264, 32853 MiB, 46068 MiB, 100 %
2026/09/09 11:31:33.266, 32853 MiB, 46068 MiB, 99 %
2026/09/09 11:31:38.267, 32853 MiB, 46068 MiB, 100 %
2026/09/09 11:31:43.269, 32853 MiB, 46068 MiB, 99 %
2026/09/09 11:31:48.270, 32853 MiB, 46068 MiB, 99 %
2026/09/09 11:31:53.272, 32853 MiB, 46068 MiB, 99 %
2026/09/09 11:31:58.273, 32853 MiB, 46068 MiB, 100 %
2026/09/09 11:32:03.275, 32853 MiB, 46068 MiB, 100 %
2026/09/09 11:32:08.276, 32853 MiB, 46068 MiB, 98 %
2026/09/09 11:32:13.277, 32853 MiB, 46068 MiB, 97 %
2026/09/09 11:32:18.279, 32853 MiB, 46068 MiB, 100 %
2026/09/09 11:32:23.280, 32853 MiB, 46068 MiB, 99 %
2026/09/09 11:32:28.282, 32853 MiB, 46068 MiB, 98 %
2026/09/09 11:32:33.283, 32853 MiB, 46068 MiB, 98 %
2026/09/09 11:32:38.284, 32853 MiB, 46068 MiB, 98 %
2026/09/09 11:32:43.285, 32853 MiB, 46068 MiB, 97 %
2026/09/09 11:32:48.286, 32853 MiB, 46068 MiB, 100 %
2026/09/09 11:32:53.288, 32853 MiB, 46068 MiB, 98 %
2026/09/09 11:32:58.289, 32853 MiB, 46068 MiB, 98 %
2026/09/09 11:33:03.291, 32853 MiB, 46068 MiB, 99 %
2026/09/09 11:33:08.292, 32853 MiB, 46068 MiB, 99 %
2026/09/09 11:33:13.293, 32853 MiB, 46068 MiB, 99 %
2026/09/09 11:33:18.295, 32853 MiB, 46068 MiB, 99 %
2026/09/09 11:33:23.296, 32853 MiB, 46068 MiB, 100 %
2026/09/09 11:33:28.297, 32853 MiB, 46068 MiB, 100 %
2026/09/09 11:33:33.299, 32853 MiB, 46068 MiB, 98 %
2026/09/09 11:33:38.301, 32853 MiB, 46068 MiB, 99 %
2026/09/09 11:33:43.302, 32853 MiB, 46068 MiB, 100 %
2026/09/09 11:33:48.303, 32853 MiB, 46068 MiB, 100 %
2026/09/09 11:33:53.304, 32853 MiB, 46068 MiB, 99 %
2026/09/09 11:33:58.306, 32853 MiB, 46068 MiB, 100 %
2026/09/09 11:34:03.307, 32853 MiB, 46068 MiB, 98 %
2026/09/09 11:34:08.309, 32853 MiB, 46068 MiB, 99 %
2026/09/09 11:34:13.310, 32853 MiB, 46068 MiB, 98 %
2026/09/09 11:34:18.311, 32853 MiB, 46068 MiB, 97 %
2026/09/09 11:34:23.312, 32853 MiB, 46068 MiB, 100 %
2026/09/09 11:34:28.314, 32853 MiB, 46068 MiB, 99 %
2026/09/09 11:34:33.315, 32853 MiB, 46068 MiB, 97 %
2026/09/09 11:34:38.317, 32853 MiB, 46068 MiB, 100 %
2026/09/09 11:34:43.319, 32853 MiB, 46068 MiB, 97 %
2026/09/09 11:34:48.320, 32853 MiB, 46068 MiB, 99 %
2026/09/09 11:34:53.322, 32853 MiB, 46068 MiB, 98 %
2026/09/09 11:34:58.323, 32853 MiB, 46068 MiB, 100 %
2026/09/09 11:35:03.325, 32853 MiB, 46068 MiB, 98 %
2026/09/09 11:35:08.331, 32853 MiB, 46068 MiB, 100 %
2026/09/09 11:35:13.332, 32853 MiB, 46068 MiB, 99 %
2026/09/09 11:35:18.334, 32853 MiB, 46068 MiB, 98 %
2026/09/09 11:35:23.335, 32853 MiB, 46068 MiB, 99 %
2026/09/09 11:35:28.336, 32853 MiB, 46068 MiB, 100 %
2026/09/09 11:35:33.338, 32853 MiB, 46068 MiB, 99 %
2026/09/09 11:35:38.339, 32853 MiB, 46068 MiB, 99 %
2026/09/09 11:35:43.341, 32853 MiB, 46068 MiB, 98 %
2026/09/09 11:35:48.342, 32853 MiB, 46068 MiB, 98 %
2026/09/09 11:35:53.343, 32853 MiB, 46068 MiB, 99 %
2026/09/09 11:35:58.345, 32853 MiB, 46068 MiB, 100 %
2026/09/09 11:36:03.346, 32853 MiB, 46068 MiB, 93 %
2026/09/09 11:36:08.348, 32853 MiB, 46068 MiB, 99 %
2026/09/09 11:36:13.349, 32853 MiB, 46068 MiB, 100 %
2026/09/09 11:36:18.351, 32853 MiB, 46068 MiB, 99 %
2026/09/09 11:36:23.353, 32853 MiB, 46068 MiB, 100 %
2026/09/09 11:36:28.354, 32853 MiB, 46068 MiB, 100 %
2026/09/09 11:36:33.355, 32853 MiB, 46068 MiB, 99 %
2026/09/09 11:36:38.357, 32853 MiB, 46068 MiB, 99 %
2026/09/09 11:36:43.359, 32853 MiB, 46068 MiB, 100 %
2026/09/09 11:36:48.360, 32853 MiB, 46068 MiB, 99 %
2026/09/09 11:36:53.362, 32853 MiB, 46068 MiB, 99 %
2026/09/09 11:36:58.363, 32853 MiB, 46068 MiB, 99 %
2026/09/09 11:37:03.364, 32853 MiB, 46068 MiB, 100 %
2026/09/09 11:37:08.366, 32853 MiB, 46068 MiB, 100 %
2026/09/09 11:37:13.368, 32853 MiB, 46068 MiB, 100 %
2026/09/09 11:37:18.369, 32853 MiB, 46068 MiB, 99 %
2026/09/09 11:37:23.371, 32853 MiB, 46068 MiB, 99 %
2026/09/09 11:37:28.372, 32853 MiB, 46068 MiB, 98 %
2026/09/09 11:37:33.374, 32853 MiB, 46068 MiB, 99 %
2026/09/09 11:37:38.376, 32853 MiB, 46068 MiB, 99 %
2026/09/09 11:37:43.377, 32853 MiB, 46068 MiB, 99 %
2026/09/09 11:37:48.379, 32853 MiB, 46068 MiB, 99 %
2026/09/09 11:37:53.380, 32853 MiB, 46068 MiB, 98 %
2026/09/09 11:37:58.382, 32853 MiB, 46068 MiB, 100 %
2026/09/09 11:38:03.383, 32853 MiB, 46068 MiB, 100 %
2026/09/09 11:38:08.384, 32853 MiB, 46068 MiB, 99 %
2026/09/09 11:38:13.385, 32853 MiB, 46068 MiB, 100 %
2026/09/09 11:38:18.387, 32853 MiB, 46068 MiB, 99 %
2026/09/09 11:38:23.389, 32853 MiB, 46068 MiB, 100 %
2026/09/09 11:38:28.391, 32853 MiB, 46068 MiB, 100 %
2026/09/09 11:38:33.392, 32853 MiB, 46068 MiB, 99 %
2026/09/09 11:38:38.395, 32853 MiB, 46068 MiB, 99 %
2026/09/09 11:38:43.396, 32853 MiB, 46068 MiB, 99 %
2026/09/09 11:38:48.398, 32853 MiB, 46068 MiB, 98 %
2026/09/09 11:38:53.400, 32853 MiB, 46068 MiB, 100 %
2026/09/09 11:38:58.401, 32853 MiB, 46068 MiB, 98 %
2026/09/09 11:39:03.402, 32853 MiB, 46068 MiB, 99 %
2026/09/09 11:39:08.404, 32853 MiB, 46068 MiB, 100 %
2026/09/09 11:39:13.405, 32853 MiB, 46068 MiB, 99 %
2026/09/09 11:39:18.406, 32853 MiB, 46068 MiB, 100 %
2026/09/09 11:39:23.407, 32853 MiB, 46068 MiB, 99 %
2026/09/09 11:39:28.412, 32853 MiB, 46068 MiB, 99 %
2026/09/09 11:39:33.413, 32853 MiB, 46068 MiB, 100 %
2026/09/09 11:39:38.414, 32853 MiB, 46068 MiB, 100 %
2026/09/09 11:39:43.415, 32853 MiB, 46068 MiB, 99 %
2026/09/09 11:39:48.417, 32853 MiB, 46068 MiB, 99 %
2026/09/09 11:39:53.418, 32853 MiB, 46068 MiB, 98 %
2026/09/09 11:39:58.420, 32853 MiB, 46068 MiB, 100 %
2026/09/09 11:40:03.421, 32853 MiB, 46068 MiB, 100 %
2026/09/09 11:40:08.423, 32853 MiB, 46068 MiB, 99 %
2026/09/09 11:40:13.424, 32853 MiB, 46068 MiB, 98 %
2026/09/09 11:40:18.426, 32853 MiB, 46068 MiB, 99 %
2026/09/09 11:40:23.427, 32853 MiB, 46068 MiB, 99 %
2026/09/09 11:40:28.432, 32853 MiB, 46068 MiB, 100 %
2026/09/09 11:40:33.433, 32853 MiB, 46068 MiB, 99 %
2026/09/09 11:40:38.435, 32853 MiB, 46068 MiB, 100 %
2026/09/09 11:40:43.436, 32853 MiB, 46068 MiB, 99 %
2026/09/09 11:40:48.438, 32853 MiB, 46068 MiB, 98 %
2026/09/09 11:40:53.439, 32853 MiB, 46068 MiB, 99 %
2026/09/09 11:40:58.441, 32853 MiB, 46068 MiB, 99 %
2026/09/09 11:41:03.443, 32853 MiB, 46068 MiB, 99 %
2026/09/09 11:41:08.445, 32853 MiB, 46068 MiB, 100 %
2026/09/09 11:41:13.446, 32853 MiB, 46068 MiB, 99 %
2026/09/09 11:41:18.448, 32853 MiB, 46068 MiB, 100 %
2026/09/09 11:41:23.449, 32853 MiB, 46068 MiB, 99 %
2026/09/09 11:41:28.451, 32853 MiB, 46068 MiB, 97 %
2026/09/09 11:41:33.452, 32853 MiB, 46068 MiB, 99 %
2026/09/09 11:41:38.454, 32853 MiB, 46068 MiB, 99 %
2026/09/09 11:41:43.458, 32853 MiB, 46068 MiB, 99 %
2026/09/09 11:41:48.459, 32853 MiB, 46068 MiB, 99 %
2026/09/09 11:41:53.462, 32853 MiB, 46068 MiB, 100 %
2026/09/09 11:41:58.463, 32853 MiB, 46068 MiB, 99 %
2026/09/09 11:42:03.465, 32853 MiB, 46068 MiB, 100 %
2026/09/09 11:42:08.466, 32853 MiB, 46068 MiB, 100 %
2026/09/09 11:42:13.467, 32853 MiB, 46068 MiB, 99 %
2026/09/09 11:42:18.468, 32853 MiB, 46068 MiB, 99 %
2026/09/09 11:42:23.470, 32853 MiB, 46068 MiB, 100 %
2026/09/09 11:42:28.472, 32853 MiB, 46068 MiB, 100 %
2026/09/09 11:42:33.474, 32853 MiB, 46068 MiB, 99 %
2026/09/09 11:42:38.475, 32853 MiB, 46068 MiB, 97 %
2026/09/09 11:42:43.476, 32853 MiB, 46068 MiB, 99 %
2026/09/09 11:42:48.478, 32853 MiB, 46068 MiB, 100 %
2026/09/09 11:42:53.479, 32853 MiB, 46068 MiB, 98 %
2026/09/09 11:42:58.481, 32853 MiB, 46068 MiB, 100 %
2026/09/09 11:43:03.482, 32853 MiB, 46068 MiB, 100 %
2026/09/09 11:43:08.484, 32853 MiB, 46068 MiB, 98 %
2026/09/09 11:43:13.485, 32853 MiB, 46068 MiB, 98 %
2026/09/09 11:43:18.487, 32853 MiB, 46068 MiB, 100 %
2026/09/09 11:43:23.488, 32853 MiB, 46068 MiB, 99 %
2026/09/09 11:43:28.489, 32853 MiB, 46068 MiB, 98 %
2026/09/09 11:43:33.491, 32853 MiB, 46068 MiB, 99 %
2026/09/09 11:43:38.493, 32853 MiB, 46068 MiB, 99 %
2026/09/09 11:43:43.495, 32853 MiB, 46068 MiB, 99 %
2026/09/09 11:43:48.496, 32853 MiB, 46068 MiB, 99 %
2026/09/09 11:43:53.497, 32853 MiB, 46068 MiB, 99 %
2026/09/09 11:43:58.499, 32853 MiB, 46068 MiB, 99 %
2026/09/09 11:44:03.501, 32853 MiB, 46068 MiB, 100 %
2026/09/09 11:44:08.502, 32853 MiB, 46068 MiB, 100 %
2026/09/09 11:44:13.503, 32853 MiB, 46068 MiB, 99 %
2026/09/09 11:44:18.505, 32853 MiB, 46068 MiB, 100 %
2026/09/09 11:44:23.506, 32853 MiB, 46068 MiB, 98 %
2026/09/09 11:44:28.508, 32853 MiB, 46068 MiB, 98 %
2026/09/09 11:44:33.509, 32853 MiB, 46068 MiB, 99 %
2026/09/09 11:44:38.511, 32853 MiB, 46068 MiB, 99 %
2026/09/09 11:44:43.512, 32853 MiB, 46068 MiB, 99 %
2026/09/09 11:44:48.514, 32853 MiB, 46068 MiB, 99 %
2026/09/09 11:44:53.515, 32853 MiB, 46068 MiB, 99 %
2026/09/09 11:44:58.516, 32853 MiB, 46068 MiB, 100 %
2026/09/09 11:45:03.518, 32853 MiB, 46068 MiB, 100 %
2026/09/09 11:45:08.519, 32853 MiB, 46068 MiB, 100 %
2026/09/09 11:45:13.521, 32853 MiB, 46068 MiB, 99 %
2026/09/09 11:45:18.523, 32853 MiB, 46068 MiB, 99 %
2026/09/09 11:45:23.524, 32853 MiB, 46068 MiB, 99 %
2026/09/09 11:45:28.525, 32853 MiB, 46068 MiB, 100 %
2026/09/09 11:45:33.527, 32853 MiB, 46068 MiB, 99 %
2026/09/09 11:45:38.529, 32853 MiB, 46068 MiB, 99 %
2026/09/09 11:45:43.534, 32853 MiB, 46068 MiB, 100 %
2026/09/09 11:45:48.536, 32853 MiB, 46068 MiB, 99 %
2026/09/09 11:45:53.537, 32853 MiB, 46068 MiB, 98 %
2026/09/09 11:45:58.542, 32853 MiB, 46068 MiB, 100 %
2026/09/09 11:46:03.544, 32853 MiB, 46068 MiB, 99 %
2026/09/09 11:46:08.545, 32853 MiB, 46068 MiB, 98 %
2026/09/09 11:46:13.546, 32853 MiB, 46068 MiB, 100 %
2026/09/09 11:46:18.548, 32853 MiB, 46068 MiB, 99 %
2026/09/09 11:46:23.549, 32853 MiB, 46068 MiB, 98 %
2026/09/09 11:46:28.551, 32853 MiB, 46068 MiB, 99 %
2026/09/09 11:46:33.552, 32853 MiB, 46068 MiB, 99 %
2026/09/09 11:46:38.554, 32853 MiB, 46068 MiB, 99 %
2026/09/09 11:46:43.556, 32853 MiB, 46068 MiB, 100 %
2026/09/09 11:46:48.557, 32853 MiB, 46068 MiB, 99 %
2026/09/09 11:46:53.558, 32853 MiB, 46068 MiB, 99 %
2026/09/09 11:46:58.560, 32853 MiB, 46068 MiB, 100 %
2026/09/09 11:47:03.561, 32853 MiB, 46068 MiB, 99 %
2026/09/09 11:47:08.563, 32853 MiB, 46068 MiB, 100 %
2026/09/09 11:47:13.565, 32853 MiB, 46068 MiB, 99 %
2026/09/09 11:47:18.566, 32853 MiB, 46068 MiB, 100 %
2026/09/09 11:47:23.568, 32853 MiB, 46068 MiB, 99 %
2026/09/09 11:47:28.569, 32853 MiB, 46068 MiB, 99 %
2026/09/09 11:47:33.570, 32853 MiB, 46068 MiB, 99 %
2026/09/09 11:47:38.572, 32853 MiB, 46068 MiB, 100 %
2026/09/09 11:47:43.574, 32853 MiB, 46068 MiB, 100 %
2026/09/09 11:47:48.580, 32853 MiB, 46068 MiB, 99 %
2026/09/09 11:47:53.582, 32853 MiB, 46068 MiB, 99 %
2026/09/09 11:47:58.584, 32853 MiB, 46068 MiB, 99 %
2026/09/09 11:48:03.585, 32853 MiB, 46068 MiB, 98 %
2026/09/09 11:48:08.587, 32853 MiB, 46068 MiB, 99 %
2026/09/09 11:48:13.589, 32853 MiB, 46068 MiB, 96 %
2026/09/09 11:48:18.592, 32853 MiB, 46068 MiB, 99 %
2026/09/09 11:48:23.593, 32853 MiB, 46068 MiB, 99 %
2026/09/09 11:48:28.595, 32853 MiB, 46068 MiB, 100 %
2026/09/09 11:48:33.596, 32853 MiB, 46068 MiB, 99 %
2026/09/09 11:48:38.598, 32853 MiB, 46068 MiB, 99 %
2026/09/09 11:48:43.599, 32853 MiB, 46068 MiB, 100 %
2026/09/09 11:48:48.600, 32853 MiB, 46068 MiB, 98 %
2026/09/09 11:48:53.602, 32853 MiB, 46068 MiB, 99 %
2026/09/09 11:48:58.603, 32853 MiB, 46068 MiB, 100 %
2026/09/09 11:49:03.604, 32853 MiB, 46068 MiB, 99 %
2026/09/09 11:49:08.606, 32853 MiB, 46068 MiB, 99 %
2026/09/09 11:49:13.608, 32853 MiB, 46068 MiB, 99 %
2026/09/09 11:49:18.609, 32853 MiB, 46068 MiB, 98 %
2026/09/09 11:49:23.610, 32853 MiB, 46068 MiB, 94 %
2026/09/09 11:49:28.611, 32853 MiB, 46068 MiB, 99 %
2026/09/09 11:49:33.613, 32853 MiB, 46068 MiB, 98 %
2026/09/09 11:49:38.614, 32853 MiB, 46068 MiB, 100 %
2026/09/09 11:49:43.615, 32853 MiB, 46068 MiB, 100 %
2026/09/09 11:49:48.617, 32853 MiB, 46068 MiB, 100 %
2026/09/09 11:49:53.619, 32853 MiB, 46068 MiB, 99 %
2026/09/09 11:49:58.623, 32853 MiB, 46068 MiB, 99 %
2026/09/09 11:50:03.625, 32853 MiB, 46068 MiB, 100 %
2026/09/09 11:50:08.626, 32853 MiB, 46068 MiB, 99 %
2026/09/09 11:50:13.628, 32853 MiB, 46068 MiB, 100 %
2026/09/09 11:50:18.630, 32853 MiB, 46068 MiB, 100 %
2026/09/09 11:50:23.631, 32853 MiB, 46068 MiB, 98 %
2026/09/09 11:50:28.632, 32853 MiB, 46068 MiB, 98 %
2026/09/09 11:50:33.634, 32853 MiB, 46068 MiB, 98 %
2026/09/09 11:50:38.635, 32853 MiB, 46068 MiB, 100 %
2026/09/09 11:50:43.641, 32853 MiB, 46068 MiB, 100 %
2026/09/09 11:50:48.643, 32853 MiB, 46068 MiB, 98 %
2026/09/09 11:50:53.644, 32853 MiB, 46068 MiB, 100 %
2026/09/09 11:50:58.645, 32853 MiB, 46068 MiB, 99 %
2026/09/09 11:51:03.646, 32853 MiB, 46068 MiB, 100 %
2026/09/09 11:51:08.648, 32853 MiB, 46068 MiB, 99 %
2026/09/09 11:51:13.650, 32853 MiB, 46068 MiB, 100 %
2026/09/09 11:51:18.652, 32853 MiB, 46068 MiB, 99 %
2026/09/09 11:51:23.653, 32853 MiB, 46068 MiB, 98 %
2026/09/09 11:51:28.655, 32853 MiB, 46068 MiB, 99 %
2026/09/09 11:51:33.656, 32853 MiB, 46068 MiB, 99 %
2026/09/09 11:51:38.659, 32853 MiB, 46068 MiB, 99 %
2026/09/09 11:51:43.660, 32853 MiB, 46068 MiB, 99 %
2026/09/09 11:51:48.662, 32853 MiB, 46068 MiB, 100 %
2026/09/09 11:51:53.663, 32853 MiB, 46068 MiB, 100 %
2026/09/09 11:51:58.664, 32853 MiB, 46068 MiB, 100 %
2026/09/09 11:52:03.665, 32853 MiB, 46068 MiB, 100 %
2026/09/09 11:52:08.667, 32853 MiB, 46068 MiB, 100 %
2026/09/09 11:52:13.668, 32853 MiB, 46068 MiB, 95 %
2026/09/09 11:52:18.670, 32853 MiB, 46068 MiB, 100 %
2026/09/09 11:52:23.671, 32853 MiB, 46068 MiB, 99 %
2026/09/09 11:52:28.673, 32853 MiB, 46068 MiB, 98 %
2026/09/09 11:52:33.674, 32853 MiB, 46068 MiB, 99 %
2026/09/09 11:52:38.675, 32853 MiB, 46068 MiB, 99 %
2026/09/09 11:52:43.676, 32853 MiB, 46068 MiB, 100 %
2026/09/09 11:52:48.677, 32853 MiB, 46068 MiB, 100 %
2026/09/09 11:52:53.679, 32853 MiB, 46068 MiB, 100 %
2026/09/09 11:52:58.681, 32853 MiB, 46068 MiB, 100 %
2026/09/09 11:53:03.682, 32853 MiB, 46068 MiB, 100 %
2026/09/09 11:53:08.683, 32853 MiB, 46068 MiB, 99 %
2026/09/09 11:53:13.684, 32853 MiB, 46068 MiB, 99 %
2026/09/09 11:53:18.686, 32853 MiB, 46068 MiB, 100 %
2026/09/09 11:53:23.687, 32853 MiB, 46068 MiB, 99 %
2026/09/09 11:53:28.689, 32853 MiB, 46068 MiB, 99 %
2026/09/09 11:53:33.690, 32853 MiB, 46068 MiB, 99 %
2026/09/09 11:53:38.692, 32853 MiB, 46068 MiB, 99 %
2026/09/09 11:53:43.693, 32853 MiB, 46068 MiB, 99 %
2026/09/09 11:53:48.694, 32853 MiB, 46068 MiB, 100 %
2026/09/09 11:53:53.696, 32853 MiB, 46068 MiB, 99 %
2026/09/09 11:53:58.698, 32853 MiB, 46068 MiB, 97 %
2026/09/09 11:54:03.699, 32853 MiB, 46068 MiB, 100 %
2026/09/09 11:54:08.701, 32853 MiB, 46068 MiB, 99 %
2026/09/09 11:54:13.702, 32853 MiB, 46068 MiB, 99 %
2026/09/09 11:54:18.704, 32853 MiB, 46068 MiB, 99 %
2026/09/09 11:54:23.705, 32853 MiB, 46068 MiB, 99 %
2026/09/09 11:54:28.706, 32853 MiB, 46068 MiB, 100 %
2026/09/09 11:54:33.708, 32853 MiB, 46068 MiB, 99 %
2026/09/09 11:54:38.709, 32853 MiB, 46068 MiB, 99 %
2026/09/09 11:54:43.711, 32853 MiB, 46068 MiB, 99 %
2026/09/09 11:54:48.712, 32853 MiB, 46068 MiB, 100 %
2026/09/09 11:54:53.713, 32853 MiB, 46068 MiB, 100 %
2026/09/09 11:54:58.714, 32853 MiB, 46068 MiB, 100 %
2026/09/09 11:55:03.716, 32853 MiB, 46068 MiB, 100 %
2026/09/09 11:55:08.717, 32853 MiB, 46068 MiB, 100 %
2026/09/09 11:55:13.719, 32853 MiB, 46068 MiB, 99 %
2026/09/09 11:55:18.720, 32853 MiB, 46068 MiB, 99 %
2026/09/09 11:55:23.722, 32853 MiB, 46068 MiB, 100 %
2026/09/09 11:55:28.723, 32853 MiB, 46068 MiB, 99 %
2026/09/09 11:55:33.724, 32853 MiB, 46068 MiB, 99 %
2026/09/09 11:55:38.726, 32853 MiB, 46068 MiB, 100 %
2026/09/09 11:55:43.727, 32853 MiB, 46068 MiB, 100 %
2026/09/09 11:55:48.729, 32853 MiB, 46068 MiB, 99 %
2026/09/09 11:55:53.731, 32853 MiB, 46068 MiB, 99 %
2026/09/09 11:55:58.732, 32853 MiB, 46068 MiB, 99 %
2026/09/09 11:56:03.733, 32853 MiB, 46068 MiB, 99 %
2026/09/09 11:56:08.735, 32853 MiB, 46068 MiB, 99 %
2026/09/09 11:56:13.739, 32853 MiB, 46068 MiB, 99 %
2026/09/09 11:56:18.740, 32853 MiB, 46068 MiB, 98 %
2026/09/09 11:56:23.742, 32853 MiB, 46068 MiB, 100 %
2026/09/09 11:56:28.743, 32853 MiB, 46068 MiB, 99 %
2026/09/09 11:56:33.744, 32853 MiB, 46068 MiB, 95 %
2026/09/09 11:56:38.746, 32853 MiB, 46068 MiB, 99 %
2026/09/09 11:56:43.747, 32853 MiB, 46068 MiB, 98 %
2026/09/09 11:56:48.749, 32853 MiB, 46068 MiB, 99 %
2026/09/09 11:56:53.751, 32853 MiB, 46068 MiB, 99 %
2026/09/09 11:56:58.752, 32853 MiB, 46068 MiB, 99 %
2026/09/09 11:57:03.754, 32853 MiB, 46068 MiB, 99 %
2026/09/09 11:57:08.756, 32853 MiB, 46068 MiB, 100 %
2026/09/09 11:57:13.757, 32853 MiB, 46068 MiB, 99 %
2026/09/09 11:57:18.759, 32853 MiB, 46068 MiB, 99 %
2026/09/09 11:57:23.760, 32853 MiB, 46068 MiB, 98 %
2026/09/09 11:57:28.762, 32853 MiB, 46068 MiB, 99 %
2026/09/09 11:57:33.763, 32853 MiB, 46068 MiB, 99 %
2026/09/09 11:57:38.764, 32853 MiB, 46068 MiB, 100 %
2026/09/09 11:57:43.766, 32853 MiB, 46068 MiB, 99 %
2026/09/09 11:57:48.767, 32853 MiB, 46068 MiB, 99 %
2026/09/09 11:57:53.769, 32853 MiB, 46068 MiB, 99 %
2026/09/09 11:57:58.770, 32853 MiB, 46068 MiB, 100 %
2026/09/09 11:58:03.771, 32853 MiB, 46068 MiB, 100 %
2026/09/09 11:58:08.772, 32853 MiB, 46068 MiB, 100 %
2026/09/09 11:58:13.774, 32853 MiB, 46068 MiB, 100 %
2026/09/09 11:58:18.775, 32853 MiB, 46068 MiB, 100 %
2026/09/09 11:58:23.777, 32853 MiB, 46068 MiB, 99 %
2026/09/09 11:58:28.778, 32853 MiB, 46068 MiB, 99 %
2026/09/09 11:58:33.779, 32853 MiB, 46068 MiB, 99 %
2026/09/09 11:58:38.781, 32853 MiB, 46068 MiB, 100 %
2026/09/09 11:58:43.782, 32853 MiB, 46068 MiB, 99 %
2026/09/09 11:58:48.783, 32853 MiB, 46068 MiB, 100 %
2026/09/09 11:58:53.785, 32853 MiB, 46068 MiB, 100 %
2026/09/09 11:58:58.786, 32853 MiB, 46068 MiB, 98 %
2026/09/09 11:59:03.788, 32853 MiB, 46068 MiB, 99 %
2026/09/09 11:59:08.789, 32853 MiB, 46068 MiB, 100 %
2026/09/09 11:59:13.790, 32853 MiB, 46068 MiB, 99 %
2026/09/09 11:59:18.792, 32853 MiB, 46068 MiB, 100 %
2026/09/09 11:59:23.793, 32853 MiB, 46068 MiB, 99 %
2026/09/09 11:59:28.795, 32853 MiB, 46068 MiB, 100 %
2026/09/09 11:59:33.796, 32853 MiB, 46068 MiB, 100 %
2026/09/09 11:59:38.799, 32853 MiB, 46068 MiB, 100 %
2026/09/09 11:59:43.800, 32853 MiB, 46068 MiB, 100 %
2026/09/09 11:59:48.801, 32853 MiB, 46068 MiB, 100 %
2026/09/09 11:59:53.802, 32853 MiB, 46068 MiB, 99 %
2026/09/09 11:59:58.804, 32853 MiB, 46068 MiB, 100 %
2026/09/09 12:00:03.805, 32853 MiB, 46068 MiB, 99 %
2026/09/09 12:00:08.807, 32853 MiB, 46068 MiB, 99 %
2026/09/09 12:00:13.808, 32853 MiB, 46068 MiB, 100 %
2026/09/09 12:00:18.810, 32853 MiB, 46068 MiB, 98 %
2026/09/09 12:00:23.811, 32853 MiB, 46068 MiB, 100 %
2026/09/09 12:00:28.812, 32853 MiB, 46068 MiB, 100 %
2026/09/09 12:00:33.813, 32853 MiB, 46068 MiB, 56 %
2026/09/09 12:00:38.816, 32853 MiB, 46068 MiB, 99 %
2026/09/09 12:00:43.817, 32853 MiB, 46068 MiB, 99 %
2026/09/09 12:00:48.819, 32853 MiB, 46068 MiB, 99 %
2026/09/09 12:00:53.820, 32853 MiB, 46068 MiB, 99 %
2026/09/09 12:00:58.821, 32853 MiB, 46068 MiB, 100 %
2026/09/09 12:01:03.823, 32853 MiB, 46068 MiB, 100 %
2026/09/09 12:01:08.824, 32853 MiB, 46068 MiB, 100 %
2026/09/09 12:01:13.826, 32853 MiB, 46068 MiB, 100 %
2026/09/09 12:01:18.828, 32853 MiB, 46068 MiB, 100 %
2026/09/09 12:01:23.829, 32853 MiB, 46068 MiB, 100 %
2026/09/09 12:01:28.830, 32853 MiB, 46068 MiB, 100 %
2026/09/09 12:01:33.836, 32853 MiB, 46068 MiB, 100 %
2026/09/09 12:01:38.838, 32853 MiB, 46068 MiB, 98 %
2026/09/09 12:01:43.839, 32853 MiB, 46068 MiB, 100 %
2026/09/09 12:01:48.840, 32853 MiB, 46068 MiB, 99 %
2026/09/09 12:01:53.842, 32853 MiB, 46068 MiB, 100 %
2026/09/09 12:01:58.843, 32853 MiB, 46068 MiB, 99 %
2026/09/09 12:02:04.249, 32853 MiB, 46068 MiB, 99 %
2026/09/09 12:02:09.250, 32853 MiB, 46068 MiB, 98 %
2026/09/09 12:02:14.252, 32853 MiB, 46068 MiB, 99 %
2026/09/09 12:02:19.253, 32853 MiB, 46068 MiB, 99 %
2026/09/09 12:02:24.254, 32853 MiB, 46068 MiB, 99 %
2026/09/09 12:02:29.255, 32853 MiB, 46068 MiB, 99 %
2026/09/09 12:02:34.257, 32853 MiB, 46068 MiB, 100 %
2026/09/09 12:02:39.259, 32853 MiB, 46068 MiB, 99 %
2026/09/09 12:02:44.260, 32853 MiB, 46068 MiB, 100 %
2026/09/09 12:02:49.261, 32853 MiB, 46068 MiB, 99 %
2026/09/09 12:02:54.263, 32853 MiB, 46068 MiB, 99 %
2026/09/09 12:02:59.264, 32853 MiB, 46068 MiB, 99 %
2026/09/09 12:03:04.266, 32853 MiB, 46068 MiB, 99 %
2026/09/09 12:03:09.267, 32853 MiB, 46068 MiB, 99 %
2026/09/09 12:03:14.269, 32853 MiB, 46068 MiB, 100 %
2026/09/09 12:03:19.270, 32853 MiB, 46068 MiB, 99 %
2026/09/09 12:03:24.271, 32853 MiB, 46068 MiB, 100 %
2026/09/09 12:03:29.272, 32853 MiB, 46068 MiB, 99 %
2026/09/09 12:03:34.273, 32853 MiB, 46068 MiB, 99 %
2026/09/09 12:03:39.275, 32853 MiB, 46068 MiB, 99 %
2026/09/09 12:03:44.277, 32853 MiB, 46068 MiB, 99 %
2026/09/09 12:03:49.278, 32853 MiB, 46068 MiB, 100 %
2026/09/09 12:03:54.280, 32853 MiB, 46068 MiB, 100 %
2026/09/09 12:03:59.281, 32853 MiB, 46068 MiB, 99 %
2026/09/09 12:04:04.282, 32853 MiB, 46068 MiB, 99 %
2026/09/09 12:04:09.284, 32853 MiB, 46068 MiB, 99 %
2026/09/09 12:04:14.285, 32853 MiB, 46068 MiB, 98 %
2026/09/09 12:04:19.287, 32853 MiB, 46068 MiB, 100 %
2026/09/09 12:04:24.289, 32853 MiB, 46068 MiB, 99 %
2026/09/09 12:04:29.290, 32853 MiB, 46068 MiB, 99 %
2026/09/09 12:04:34.291, 32853 MiB, 46068 MiB, 99 %
2026/09/09 12:04:39.292, 32853 MiB, 46068 MiB, 99 %
2026/09/09 12:04:44.294, 32853 MiB, 46068 MiB, 99 %
2026/09/09 12:04:49.295, 32853 MiB, 46068 MiB, 100 %
2026/09/09 12:04:54.297, 32853 MiB, 46068 MiB, 99 %
2026/09/09 12:04:59.299, 32853 MiB, 46068 MiB, 99 %
2026/09/09 12:05:04.300, 32853 MiB, 46068 MiB, 99 %
2026/09/09 12:05:09.301, 32853 MiB, 46068 MiB, 99 %
2026/09/09 12:05:14.302, 32853 MiB, 46068 MiB, 100 %
2026/09/09 12:05:19.304, 32853 MiB, 46068 MiB, 99 %
2026/09/09 12:05:24.306, 32853 MiB, 46068 MiB, 100 %
2026/09/09 12:05:29.307, 32853 MiB, 46068 MiB, 99 %
2026/09/09 12:05:34.308, 32853 MiB, 46068 MiB, 99 %
2026/09/09 12:05:39.310, 32853 MiB, 46068 MiB, 99 %
2026/09/09 12:05:44.311, 32853 MiB, 46068 MiB, 99 %
2026/09/09 12:05:49.312, 32853 MiB, 46068 MiB, 98 %
2026/09/09 12:05:54.314, 32853 MiB, 46068 MiB, 99 %
2026/09/09 12:05:59.316, 32853 MiB, 46068 MiB, 99 %
2026/09/09 12:06:04.317, 32853 MiB, 46068 MiB, 99 %
2026/09/09 12:06:09.318, 32853 MiB, 46068 MiB, 99 %
2026/09/09 12:06:14.319, 32853 MiB, 46068 MiB, 100 %
2026/09/09 12:06:19.320, 32853 MiB, 46068 MiB, 92 %
2026/09/09 12:06:24.322, 32853 MiB, 46068 MiB, 96 %
2026/09/09 12:06:29.323, 32853 MiB, 46068 MiB, 99 %
2026/09/09 12:06:34.325, 32853 MiB, 46068 MiB, 99 %
2026/09/09 12:06:39.327, 32853 MiB, 46068 MiB, 100 %
2026/09/09 12:06:44.328, 32853 MiB, 46068 MiB, 100 %
2026/09/09 12:06:49.329, 32853 MiB, 46068 MiB, 99 %
2026/09/09 12:06:54.331, 32853 MiB, 46068 MiB, 99 %
2026/09/09 12:06:59.332, 32853 MiB, 46068 MiB, 99 %
2026/09/09 12:07:04.337, 32853 MiB, 46068 MiB, 99 %
2026/09/09 12:07:09.339, 32853 MiB, 46068 MiB, 99 %
2026/09/09 12:07:14.341, 32853 MiB, 46068 MiB, 99 %
2026/09/09 12:07:19.342, 32853 MiB, 46068 MiB, 100 %
2026/09/09 12:07:24.343, 32853 MiB, 46068 MiB, 98 %
2026/09/09 12:07:29.345, 32853 MiB, 46068 MiB, 100 %
2026/09/09 12:07:34.346, 32853 MiB, 46068 MiB, 99 %
2026/09/09 12:07:39.348, 32853 MiB, 46068 MiB, 99 %
2026/09/09 12:07:44.349, 32853 MiB, 46068 MiB, 99 %
2026/09/09 12:07:49.350, 32853 MiB, 46068 MiB, 100 %
2026/09/09 12:07:54.352, 32853 MiB, 46068 MiB, 100 %
2026/09/09 12:07:59.353, 32853 MiB, 46068 MiB, 99 %
2026/09/09 12:08:04.354, 32853 MiB, 46068 MiB, 100 %
2026/09/09 12:08:09.356, 32853 MiB, 46068 MiB, 100 %
2026/09/09 12:08:14.358, 32853 MiB, 46068 MiB, 99 %
2026/09/09 12:08:19.359, 32853 MiB, 46068 MiB, 99 %
2026/09/09 12:08:24.360, 32853 MiB, 46068 MiB, 99 %
2026/09/09 12:08:29.362, 32853 MiB, 46068 MiB, 100 %
2026/09/09 12:08:34.363, 32853 MiB, 46068 MiB, 100 %
2026/09/09 12:08:39.366, 32853 MiB, 46068 MiB, 100 %
2026/09/09 12:08:44.367, 32853 MiB, 46068 MiB, 100 %
2026/09/09 12:08:49.368, 32853 MiB, 46068 MiB, 100 %
2026/09/09 12:08:54.369, 32853 MiB, 46068 MiB, 100 %
2026/09/09 12:08:59.371, 32853 MiB, 46068 MiB, 100 %
2026/09/09 12:09:04.372, 32853 MiB, 46068 MiB, 99 %
2026/09/09 12:09:09.373, 32853 MiB, 46068 MiB, 99 %
2026/09/09 12:09:14.375, 32853 MiB, 46068 MiB, 99 %
2026/09/09 12:09:19.376, 32853 MiB, 46068 MiB, 100 %
2026/09/09 12:09:24.378, 32853 MiB, 46068 MiB, 100 %
2026/09/09 12:09:29.379, 32853 MiB, 46068 MiB, 100 %
2026/09/09 12:09:34.380, 32853 MiB, 46068 MiB, 99 %
2026/09/09 12:09:39.382, 32853 MiB, 46068 MiB, 99 %
2026/09/09 12:09:44.383, 32853 MiB, 46068 MiB, 100 %
2026/09/09 12:09:49.384, 32853 MiB, 46068 MiB, 100 %
2026/09/09 12:09:54.386, 32853 MiB, 46068 MiB, 99 %
2026/09/09 12:09:59.387, 32853 MiB, 46068 MiB, 99 %
2026/09/09 12:10:04.389, 32853 MiB, 46068 MiB, 100 %
2026/09/09 12:10:09.390, 32853 MiB, 46068 MiB, 100 %
2026/09/09 12:10:14.391, 32853 MiB, 46068 MiB, 99 %
2026/09/09 12:10:19.392, 32853 MiB, 46068 MiB, 99 %
2026/09/09 12:10:24.398, 32853 MiB, 46068 MiB, 99 %
2026/09/09 12:10:29.399, 32853 MiB, 46068 MiB, 100 %
2026/09/09 12:10:34.401, 32853 MiB, 46068 MiB, 100 %
2026/09/09 12:10:39.402, 32853 MiB, 46068 MiB, 99 %
2026/09/09 12:10:44.403, 32853 MiB, 46068 MiB, 99 %
2026/09/09 12:10:49.405, 32853 MiB, 46068 MiB, 98 %
2026/09/09 12:10:54.406, 32853 MiB, 46068 MiB, 100 %
2026/09/09 12:10:59.408, 32853 MiB, 46068 MiB, 100 %
2026/09/09 12:11:04.409, 32853 MiB, 46068 MiB, 100 %
2026/09/09 12:11:09.410, 32853 MiB, 46068 MiB, 100 %
2026/09/09 12:11:14.412, 32853 MiB, 46068 MiB, 100 %
2026/09/09 12:11:19.413, 32853 MiB, 46068 MiB, 99 %
2026/09/09 12:11:24.415, 32853 MiB, 46068 MiB, 100 %
2026/09/09 12:11:29.416, 32853 MiB, 46068 MiB, 99 %
2026/09/09 12:11:34.417, 32853 MiB, 46068 MiB, 98 %
2026/09/09 12:11:39.418, 32853 MiB, 46068 MiB, 100 %
2026/09/09 12:11:44.420, 32853 MiB, 46068 MiB, 100 %
2026/09/09 12:11:49.421, 32853 MiB, 46068 MiB, 40 %
2026/09/09 12:11:54.422, 32853 MiB, 46068 MiB, 100 %
2026/09/09 12:11:59.424, 32853 MiB, 46068 MiB, 99 %
2026/09/09 12:12:04.425, 32853 MiB, 46068 MiB, 100 %
2026/09/09 12:12:09.426, 32853 MiB, 46068 MiB, 100 %
2026/09/09 12:12:14.428, 32853 MiB, 46068 MiB, 100 %
2026/09/09 12:12:19.429, 32853 MiB, 46068 MiB, 97 %
2026/09/09 12:12:24.431, 32853 MiB, 46068 MiB, 99 %
2026/09/09 12:12:29.437, 32853 MiB, 46068 MiB, 100 %
2026/09/09 12:12:34.439, 32853 MiB, 46068 MiB, 100 %
2026/09/09 12:12:39.440, 32853 MiB, 46068 MiB, 99 %
2026/09/09 12:12:44.441, 32853 MiB, 46068 MiB, 99 %
2026/09/09 12:12:49.442, 32853 MiB, 46068 MiB, 100 %
2026/09/09 12:12:54.444, 32853 MiB, 46068 MiB, 99 %
2026/09/09 12:12:59.446, 32853 MiB, 46068 MiB, 99 %
2026/09/09 12:13:04.448, 32853 MiB, 46068 MiB, 99 %
2026/09/09 12:13:09.449, 32853 MiB, 46068 MiB, 99 %
2026/09/09 12:13:14.450, 32853 MiB, 46068 MiB, 100 %
2026/09/09 12:13:19.451, 32853 MiB, 46068 MiB, 98 %
2026/09/09 12:13:24.452, 32853 MiB, 46068 MiB, 99 %
2026/09/09 12:13:29.454, 32853 MiB, 46068 MiB, 99 %
2026/09/09 12:13:34.455, 32853 MiB, 46068 MiB, 99 %
2026/09/09 12:13:39.457, 32853 MiB, 46068 MiB, 99 %
2026/09/09 12:13:44.458, 32853 MiB, 46068 MiB, 100 %
2026/09/09 12:13:49.460, 32853 MiB, 46068 MiB, 99 %
2026/09/09 12:13:54.461, 32853 MiB, 46068 MiB, 99 %
2026/09/09 12:13:59.462, 32853 MiB, 46068 MiB, 99 %
2026/09/09 12:14:04.464, 32853 MiB, 46068 MiB, 99 %
2026/09/09 12:14:09.466, 32853 MiB, 46068 MiB, 99 %
2026/09/09 12:14:14.467, 32853 MiB, 46068 MiB, 99 %
2026/09/09 12:14:19.468, 32853 MiB, 46068 MiB, 99 %
2026/09/09 12:14:24.470, 32853 MiB, 46068 MiB, 99 %
2026/09/09 12:14:29.471, 32853 MiB, 46068 MiB, 100 %
2026/09/09 12:14:34.473, 32853 MiB, 46068 MiB, 99 %
2026/09/09 12:14:39.475, 32853 MiB, 46068 MiB, 99 %
2026/09/09 12:14:44.476, 32853 MiB, 46068 MiB, 99 %
2026/09/09 12:14:49.478, 32853 MiB, 46068 MiB, 99 %
2026/09/09 12:14:54.479, 32853 MiB, 46068 MiB, 99 %
2026/09/09 12:14:59.481, 32853 MiB, 46068 MiB, 100 %
2026/09/09 12:15:04.482, 32853 MiB, 46068 MiB, 99 %
2026/09/09 12:15:09.485, 32853 MiB, 46068 MiB, 99 %
2026/09/09 12:15:14.487, 32853 MiB, 46068 MiB, 99 %
2026/09/09 12:15:19.488, 32853 MiB, 46068 MiB, 98 %
2026/09/09 12:15:24.489, 32853 MiB, 46068 MiB, 100 %
2026/09/09 12:15:29.491, 32853 MiB, 46068 MiB, 99 %
2026/09/09 12:15:34.492, 32853 MiB, 46068 MiB, 99 %
2026/09/09 12:15:39.494, 32853 MiB, 46068 MiB, 99 %
2026/09/09 12:15:44.495, 32853 MiB, 46068 MiB, 100 %
2026/09/09 12:15:49.497, 32853 MiB, 46068 MiB, 100 %
2026/09/09 12:15:54.498, 32853 MiB, 46068 MiB, 100 %
2026/09/09 12:15:59.499, 32853 MiB, 46068 MiB, 99 %
2026/09/09 12:16:04.500, 32853 MiB, 46068 MiB, 100 %
2026/09/09 12:16:09.502, 32853 MiB, 46068 MiB, 99 %
2026/09/09 12:16:14.503, 32853 MiB, 46068 MiB, 99 %
2026/09/09 12:16:20.290, 32853 MiB, 46068 MiB, 100 %
2026/09/09 12:16:25.291, 32853 MiB, 46068 MiB, 100 %
2026/09/09 12:16:30.293, 32853 MiB, 46068 MiB, 99 %
2026/09/09 12:16:35.294, 32853 MiB, 46068 MiB, 99 %
2026/09/09 12:16:40.295, 32853 MiB, 46068 MiB, 99 %
2026/09/09 12:16:45.297, 32853 MiB, 46068 MiB, 100 %
2026/09/09 12:16:50.298, 32853 MiB, 46068 MiB, 100 %
2026/09/09 12:16:55.300, 32853 MiB, 46068 MiB, 99 %
2026/09/09 12:17:00.301, 32853 MiB, 46068 MiB, 100 %
2026/09/09 12:17:05.302, 32853 MiB, 46068 MiB, 99 %
2026/09/09 12:17:10.304, 32853 MiB, 46068 MiB, 100 %
2026/09/09 12:17:15.306, 32853 MiB, 46068 MiB, 100 %
2026/09/09 12:17:20.307, 32853 MiB, 46068 MiB, 100 %
2026/09/09 12:17:25.309, 32853 MiB, 46068 MiB, 100 %
2026/09/09 12:17:30.310, 32853 MiB, 46068 MiB, 98 %
2026/09/09 12:17:35.311, 32853 MiB, 46068 MiB, 100 %
2026/09/09 12:17:40.313, 32853 MiB, 46068 MiB, 100 %
2026/09/09 12:17:45.314, 32853 MiB, 46068 MiB, 99 %
2026/09/09 12:17:50.316, 32853 MiB, 46068 MiB, 98 %
2026/09/09 12:17:55.318, 32853 MiB, 46068 MiB, 100 %
2026/09/09 12:18:00.325, 32853 MiB, 46068 MiB, 98 %
2026/09/09 12:18:05.327, 32853 MiB, 46068 MiB, 96 %
2026/09/09 12:18:10.332, 32853 MiB, 46068 MiB, 99 %
2026/09/09 12:18:15.333, 32853 MiB, 46068 MiB, 100 %
2026/09/09 12:18:20.334, 32853 MiB, 46068 MiB, 100 %
2026/09/09 12:18:25.335, 32853 MiB, 46068 MiB, 98 %
2026/09/09 12:18:30.336, 32853 MiB, 46068 MiB, 99 %
2026/09/09 12:18:35.338, 32853 MiB, 46068 MiB, 98 %
2026/09/09 12:18:40.340, 32853 MiB, 46068 MiB, 100 %
2026/09/09 12:18:45.342, 32853 MiB, 46068 MiB, 99 %
2026/09/09 12:18:50.343, 32853 MiB, 46068 MiB, 100 %
2026/09/09 12:18:55.345, 32853 MiB, 46068 MiB, 100 %
2026/09/09 12:19:00.346, 32853 MiB, 46068 MiB, 99 %
2026/09/09 12:19:05.348, 32853 MiB, 46068 MiB, 99 %
2026/09/09 12:19:10.350, 32853 MiB, 46068 MiB, 99 %
2026/09/09 12:19:15.351, 32853 MiB, 46068 MiB, 98 %
2026/09/09 12:19:20.353, 32853 MiB, 46068 MiB, 99 %
2026/09/09 12:19:25.354, 32853 MiB, 46068 MiB, 99 %
2026/09/09 12:19:30.355, 32853 MiB, 46068 MiB, 100 %
2026/09/09 12:19:35.357, 32853 MiB, 46068 MiB, 100 %
2026/09/09 12:19:40.358, 32853 MiB, 46068 MiB, 100 %
2026/09/09 12:19:45.361, 32853 MiB, 46068 MiB, 99 %
2026/09/09 12:19:50.363, 32853 MiB, 46068 MiB, 98 %
2026/09/09 12:19:55.364, 32853 MiB, 46068 MiB, 99 %
2026/09/09 12:20:00.365, 32853 MiB, 46068 MiB, 99 %
2026/09/09 12:20:05.366, 32853 MiB, 46068 MiB, 100 %
2026/09/09 12:20:10.367, 32853 MiB, 46068 MiB, 100 %
2026/09/09 12:20:15.369, 32853 MiB, 46068 MiB, 99 %
2026/09/09 12:20:20.371, 32853 MiB, 46068 MiB, 100 %
2026/09/09 12:20:25.372, 32853 MiB, 46068 MiB, 99 %
2026/09/09 12:20:30.373, 32853 MiB, 46068 MiB, 99 %
2026/09/09 12:20:35.375, 32853 MiB, 46068 MiB, 99 %
2026/09/09 12:20:40.376, 32853 MiB, 46068 MiB, 100 %
2026/09/09 12:20:45.378, 32853 MiB, 46068 MiB, 99 %
2026/09/09 12:20:50.379, 32853 MiB, 46068 MiB, 99 %
2026/09/09 12:20:55.381, 32853 MiB, 46068 MiB, 99 %
2026/09/09 12:21:00.382, 32853 MiB, 46068 MiB, 99 %
2026/09/09 12:21:05.383, 32853 MiB, 46068 MiB, 100 %
2026/09/09 12:21:10.384, 32853 MiB, 46068 MiB, 100 %
2026/09/09 12:21:15.385, 32853 MiB, 46068 MiB, 100 %
2026/09/09 12:21:20.387, 32853 MiB, 46068 MiB, 100 %
2026/09/09 12:21:25.388, 32853 MiB, 46068 MiB, 100 %
2026/09/09 12:21:30.390, 32853 MiB, 46068 MiB, 100 %
2026/09/09 12:21:35.391, 32853 MiB, 46068 MiB, 100 %
2026/09/09 12:21:40.392, 32853 MiB, 46068 MiB, 100 %
2026/09/09 12:21:45.393, 32853 MiB, 46068 MiB, 100 %
2026/09/09 12:21:50.394, 32853 MiB, 46068 MiB, 98 %
2026/09/09 12:21:55.396, 32853 MiB, 46068 MiB, 99 %
2026/09/09 12:22:00.398, 32853 MiB, 46068 MiB, 99 %
2026/09/09 12:22:05.399, 32853 MiB, 46068 MiB, 100 %
2026/09/09 12:22:10.400, 32853 MiB, 46068 MiB, 100 %
2026/09/09 12:22:15.402, 32853 MiB, 46068 MiB, 99 %
2026/09/09 12:22:20.403, 32853 MiB, 46068 MiB, 100 %
2026/09/09 12:22:25.404, 32853 MiB, 46068 MiB, 99 %
2026/09/09 12:22:30.405, 32853 MiB, 46068 MiB, 98 %
2026/09/09 12:22:35.407, 32853 MiB, 46068 MiB, 99 %
2026/09/09 12:22:40.409, 32853 MiB, 46068 MiB, 100 %
2026/09/09 12:22:45.410, 32853 MiB, 46068 MiB, 99 %
2026/09/09 12:22:50.411, 32853 MiB, 46068 MiB, 98 %
2026/09/09 12:22:55.412, 32853 MiB, 46068 MiB, 100 %
2026/09/09 12:23:00.413, 32853 MiB, 46068 MiB, 99 %
2026/09/09 12:23:05.415, 32853 MiB, 46068 MiB, 99 %
2026/09/09 12:23:10.419, 32853 MiB, 46068 MiB, 99 %
2026/09/09 12:23:15.420, 32853 MiB, 46068 MiB, 100 %
2026/09/09 12:23:20.421, 32853 MiB, 46068 MiB, 100 %
2026/09/09 12:23:25.423, 32853 MiB, 46068 MiB, 26 %
2026/09/09 12:23:30.424, 32853 MiB, 46068 MiB, 100 %
2026/09/09 12:23:35.425, 32853 MiB, 46068 MiB, 100 %
2026/09/09 12:23:40.429, 32853 MiB, 46068 MiB, 98 %
2026/09/09 12:23:45.431, 32853 MiB, 46068 MiB, 99 %
2026/09/09 12:23:50.432, 32853 MiB, 46068 MiB, 99 %
2026/09/09 12:23:55.433, 32853 MiB, 46068 MiB, 98 %
2026/09/09 12:24:00.434, 32853 MiB, 46068 MiB, 99 %
2026/09/09 12:24:05.436, 32853 MiB, 46068 MiB, 99 %
2026/09/09 12:24:10.438, 32853 MiB, 46068 MiB, 100 %
2026/09/09 12:24:15.439, 32853 MiB, 46068 MiB, 99 %
2026/09/09 12:24:20.441, 32853 MiB, 46068 MiB, 99 %
2026/09/09 12:24:25.442, 32853 MiB, 46068 MiB, 99 %
2026/09/09 12:24:30.443, 32853 MiB, 46068 MiB, 99 %
2026/09/09 12:24:35.445, 32853 MiB, 46068 MiB, 99 %
2026/09/09 12:24:40.447, 32853 MiB, 46068 MiB, 100 %
2026/09/09 12:24:45.448, 32853 MiB, 46068 MiB, 100 %
2026/09/09 12:24:50.449, 32853 MiB, 46068 MiB, 100 %
2026/09/09 12:24:55.450, 32853 MiB, 46068 MiB, 100 %
2026/09/09 12:25:00.452, 32853 MiB, 46068 MiB, 99 %
2026/09/09 12:25:05.453, 32853 MiB, 46068 MiB, 99 %
2026/09/09 12:25:10.454, 32853 MiB, 46068 MiB, 99 %
2026/09/09 12:25:15.456, 32853 MiB, 46068 MiB, 99 %
2026/09/09 12:25:20.458, 32853 MiB, 46068 MiB, 99 %
2026/09/09 12:25:25.459, 32853 MiB, 46068 MiB, 99 %
2026/09/09 12:25:30.461, 32853 MiB, 46068 MiB, 100 %
2026/09/09 12:25:35.462, 32853 MiB, 46068 MiB, 99 %
2026/09/09 12:25:40.463, 32853 MiB, 46068 MiB, 99 %
2026/09/09 12:25:45.465, 32853 MiB, 46068 MiB, 99 %
2026/09/09 12:25:50.466, 32853 MiB, 46068 MiB, 99 %
2026/09/09 12:25:55.468, 32853 MiB, 46068 MiB, 99 %
2026/09/09 12:26:00.469, 32853 MiB, 46068 MiB, 99 %
2026/09/09 12:26:05.470, 32853 MiB, 46068 MiB, 99 %
2026/09/09 12:26:10.471, 32853 MiB, 46068 MiB, 98 %
2026/09/09 12:26:15.473, 32853 MiB, 46068 MiB, 100 %
2026/09/09 12:26:20.475, 32853 MiB, 46068 MiB, 100 %
2026/09/09 12:26:25.476, 32853 MiB, 46068 MiB, 99 %
2026/09/09 12:26:30.478, 32853 MiB, 46068 MiB, 99 %
2026/09/09 12:26:35.479, 32853 MiB, 46068 MiB, 99 %
2026/09/09 12:26:40.480, 32853 MiB, 46068 MiB, 99 %
2026/09/09 12:26:45.481, 32853 MiB, 46068 MiB, 100 %
2026/09/09 12:26:50.482, 32853 MiB, 46068 MiB, 99 %
2026/09/09 12:26:55.484, 32853 MiB, 46068 MiB, 94 %
2026/09/09 12:27:00.486, 32853 MiB, 46068 MiB, 99 %
2026/09/09 12:27:05.488, 32853 MiB, 46068 MiB, 100 %
2026/09/09 12:27:10.489, 32853 MiB, 46068 MiB, 100 %
2026/09/09 12:27:15.490, 32853 MiB, 46068 MiB, 99 %
2026/09/09 12:27:20.491, 32853 MiB, 46068 MiB, 100 %
2026/09/09 12:27:25.493, 32853 MiB, 46068 MiB, 100 %
2026/09/09 12:27:30.495, 32853 MiB, 46068 MiB, 99 %
2026/09/09 12:27:35.497, 32853 MiB, 46068 MiB, 99 %
2026/09/09 12:27:40.498, 32853 MiB, 46068 MiB, 99 %
2026/09/09 12:27:45.499, 32853 MiB, 46068 MiB, 98 %
2026/09/09 12:27:50.500, 32853 MiB, 46068 MiB, 100 %
2026/09/09 12:27:55.502, 32853 MiB, 46068 MiB, 99 %
2026/09/09 12:28:00.503, 32853 MiB, 46068 MiB, 99 %
2026/09/09 12:28:05.505, 32853 MiB, 46068 MiB, 99 %
2026/09/09 12:28:10.508, 32853 MiB, 46068 MiB, 99 %
2026/09/09 12:28:15.509, 32853 MiB, 46068 MiB, 100 %
2026/09/09 12:28:20.510, 32853 MiB, 46068 MiB, 99 %
2026/09/09 12:28:25.511, 32853 MiB, 46068 MiB, 99 %
2026/09/09 12:28:30.513, 32853 MiB, 46068 MiB, 99 %
2026/09/09 12:28:35.514, 32853 MiB, 46068 MiB, 100 %
2026/09/09 12:28:40.516, 32853 MiB, 46068 MiB, 99 %
2026/09/09 12:28:45.518, 32853 MiB, 46068 MiB, 99 %
2026/09/09 12:28:50.519, 32853 MiB, 46068 MiB, 100 %
2026/09/09 12:28:55.521, 32853 MiB, 46068 MiB, 100 %
2026/09/09 12:29:00.522, 32853 MiB, 46068 MiB, 100 %
2026/09/09 12:29:05.529, 32853 MiB, 46068 MiB, 99 %
2026/09/09 12:29:10.530, 32853 MiB, 46068 MiB, 99 %
2026/09/09 12:29:15.531, 32853 MiB, 46068 MiB, 99 %
2026/09/09 12:29:20.533, 32853 MiB, 46068 MiB, 99 %
2026/09/09 12:29:25.534, 32853 MiB, 46068 MiB, 99 %
2026/09/09 12:29:30.536, 32853 MiB, 46068 MiB, 99 %
2026/09/09 12:29:35.538, 32853 MiB, 46068 MiB, 99 %
2026/09/09 12:29:40.540, 32853 MiB, 46068 MiB, 99 %
2026/09/09 12:29:45.541, 32853 MiB, 46068 MiB, 99 %
2026/09/09 12:29:50.543, 32853 MiB, 46068 MiB, 99 %
2026/09/09 12:29:55.544, 32853 MiB, 46068 MiB, 99 %
2026/09/09 12:30:00.546, 32853 MiB, 46068 MiB, 99 %
2026/09/09 12:30:05.547, 32853 MiB, 46068 MiB, 99 %
2026/09/09 12:30:10.549, 32853 MiB, 46068 MiB, 99 %
2026/09/09 12:30:15.550, 32853 MiB, 46068 MiB, 99 %
2026/09/09 12:30:20.552, 32853 MiB, 46068 MiB, 99 %
2026/09/09 12:30:25.553, 32853 MiB, 46068 MiB, 99 %
2026/09/09 12:30:30.554, 32853 MiB, 46068 MiB, 98 %
2026/09/09 12:30:35.556, 32853 MiB, 46068 MiB, 99 %
2026/09/09 12:30:40.558, 32853 MiB, 46068 MiB, 100 %
2026/09/09 12:30:45.560, 32853 MiB, 46068 MiB, 100 %
2026/09/09 12:30:50.561, 32853 MiB, 46068 MiB, 99 %
2026/09/09 12:30:55.562, 32853 MiB, 46068 MiB, 98 %
2026/09/09 12:31:00.564, 32853 MiB, 46068 MiB, 100 %
2026/09/09 12:31:05.565, 32853 MiB, 46068 MiB, 99 %
2026/09/09 12:31:10.567, 32853 MiB, 46068 MiB, 100 %
2026/09/09 12:31:15.569, 32853 MiB, 46068 MiB, 99 %
2026/09/09 12:31:20.570, 32853 MiB, 46068 MiB, 99 %
2026/09/09 12:31:25.571, 32853 MiB, 46068 MiB, 99 %
2026/09/09 12:31:30.573, 32853 MiB, 46068 MiB, 99 %
2026/09/09 12:31:35.574, 32853 MiB, 46068 MiB, 98 %
2026/09/09 12:31:40.575, 32853 MiB, 46068 MiB, 100 %
2026/09/09 12:31:45.577, 32853 MiB, 46068 MiB, 99 %
2026/09/09 12:31:50.579, 32853 MiB, 46068 MiB, 100 %
2026/09/09 12:31:55.580, 32853 MiB, 46068 MiB, 99 %
2026/09/09 12:32:00.581, 32853 MiB, 46068 MiB, 99 %
2026/09/09 12:32:05.583, 32853 MiB, 46068 MiB, 99 %
2026/09/09 12:32:10.584, 32853 MiB, 46068 MiB, 100 %
2026/09/09 12:32:15.585, 32853 MiB, 46068 MiB, 100 %
2026/09/09 12:32:20.587, 32853 MiB, 46068 MiB, 99 %
2026/09/09 12:32:25.589, 32853 MiB, 46068 MiB, 99 %
2026/09/09 12:32:30.590, 32853 MiB, 46068 MiB, 99 %
2026/09/09 12:32:35.591, 32853 MiB, 46068 MiB, 99 %
2026/09/09 12:32:40.593, 32853 MiB, 46068 MiB, 99 %
2026/09/09 12:32:45.594, 32853 MiB, 46068 MiB, 99 %
2026/09/09 12:32:50.596, 32853 MiB, 46068 MiB, 99 %
2026/09/09 12:32:55.597, 32853 MiB, 46068 MiB, 100 %
2026/09/09 12:33:00.599, 32853 MiB, 46068 MiB, 99 %
2026/09/09 12:33:05.600, 32853 MiB, 46068 MiB, 100 %
2026/09/09 12:33:10.602, 32853 MiB, 46068 MiB, 100 %
2026/09/09 12:33:15.603, 32853 MiB, 46068 MiB, 99 %
2026/09/09 12:33:20.605, 32853 MiB, 46068 MiB, 99 %
2026/09/09 12:33:25.607, 32853 MiB, 46068 MiB, 99 %
2026/09/09 12:33:30.608, 32853 MiB, 46068 MiB, 100 %
2026/09/09 12:33:35.609, 32853 MiB, 46068 MiB, 100 %
2026/09/09 12:33:40.610, 32853 MiB, 46068 MiB, 100 %
2026/09/09 12:33:45.612, 32853 MiB, 46068 MiB, 100 %
2026/09/09 12:33:50.613, 32853 MiB, 46068 MiB, 99 %
2026/09/09 12:33:55.615, 32853 MiB, 46068 MiB, 99 %
2026/09/09 12:34:00.617, 32853 MiB, 46068 MiB, 100 %
2026/09/09 12:34:05.618, 32853 MiB, 46068 MiB, 99 %
2026/09/09 12:34:10.619, 32853 MiB, 46068 MiB, 99 %
2026/09/09 12:34:15.620, 32853 MiB, 46068 MiB, 100 %
2026/09/09 12:34:20.621, 32853 MiB, 46068 MiB, 100 %
2026/09/09 12:34:25.623, 32853 MiB, 46068 MiB, 99 %
2026/09/09 12:34:30.628, 32853 MiB, 46068 MiB, 99 %
2026/09/09 12:34:35.630, 32853 MiB, 46068 MiB, 99 %
2026/09/09 12:34:40.631, 32853 MiB, 46068 MiB, 98 %
2026/09/09 12:34:45.632, 32853 MiB, 46068 MiB, 98 %
2026/09/09 12:34:50.633, 32853 MiB, 46068 MiB, 100 %
2026/09/09 12:34:55.635, 32853 MiB, 46068 MiB, 100 %
2026/09/09 12:35:00.636, 32853 MiB, 46068 MiB, 98 %
2026/09/09 12:35:05.638, 32853 MiB, 46068 MiB, 99 %
2026/09/09 12:35:10.639, 32853 MiB, 46068 MiB, 100 %
2026/09/09 12:35:15.640, 32853 MiB, 46068 MiB, 99 %
2026/09/09 12:35:20.642, 32853 MiB, 46068 MiB, 100 %
2026/09/09 12:35:25.643, 32853 MiB, 46068 MiB, 99 %
2026/09/09 12:35:30.645, 32853 MiB, 46068 MiB, 98 %
2026/09/09 12:35:35.647, 32853 MiB, 46068 MiB, 99 %
2026/09/09 12:35:40.649, 32853 MiB, 46068 MiB, 100 %
2026/09/09 12:35:45.650, 32853 MiB, 46068 MiB, 100 %
2026/09/09 12:35:50.651, 32853 MiB, 46068 MiB, 99 %
2026/09/09 12:35:55.652, 32853 MiB, 46068 MiB, 99 %
2026/09/09 12:36:00.654, 32853 MiB, 46068 MiB, 99 %
2026/09/09 12:36:05.656, 32853 MiB, 46068 MiB, 99 %
2026/09/09 12:36:10.658, 32853 MiB, 46068 MiB, 99 %
2026/09/09 12:36:15.659, 32853 MiB, 46068 MiB, 99 %
2026/09/09 12:36:20.660, 32853 MiB, 46068 MiB, 99 %
2026/09/09 12:36:25.661, 32853 MiB, 46068 MiB, 99 %
2026/09/09 12:36:30.662, 32853 MiB, 46068 MiB, 100 %
2026/09/09 12:36:35.664, 32853 MiB, 46068 MiB, 99 %
2026/09/09 12:36:40.666, 32853 MiB, 46068 MiB, 99 %
2026/09/09 12:36:45.667, 32853 MiB, 46068 MiB, 100 %
2026/09/09 12:36:50.669, 32853 MiB, 46068 MiB, 98 %
2026/09/09 12:36:55.670, 32853 MiB, 46068 MiB, 99 %
2026/09/09 12:37:00.671, 32853 MiB, 46068 MiB, 100 %
2026/09/09 12:37:05.672, 32853 MiB, 46068 MiB, 100 %
2026/09/09 12:37:10.674, 32853 MiB, 46068 MiB, 100 %
2026/09/09 12:37:15.675, 32853 MiB, 46068 MiB, 100 %
2026/09/09 12:37:20.677, 32853 MiB, 46068 MiB, 99 %
2026/09/09 12:37:25.678, 32853 MiB, 46068 MiB, 100 %
2026/09/09 12:37:30.680, 32853 MiB, 46068 MiB, 100 %
2026/09/09 12:37:35.681, 32853 MiB, 46068 MiB, 98 %
2026/09/09 12:37:40.683, 32853 MiB, 46068 MiB, 99 %
2026/09/09 12:37:45.684, 32853 MiB, 46068 MiB, 99 %
2026/09/09 12:37:50.686, 32853 MiB, 46068 MiB, 99 %
2026/09/09 12:37:55.687, 32853 MiB, 46068 MiB, 100 %
2026/09/09 12:38:00.689, 32853 MiB, 46068 MiB, 100 %
2026/09/09 12:38:05.690, 32853 MiB, 46068 MiB, 99 %
2026/09/09 12:38:10.691, 32853 MiB, 46068 MiB, 100 %
2026/09/09 12:38:15.692, 32853 MiB, 46068 MiB, 98 %
2026/09/09 12:38:20.694, 32853 MiB, 46068 MiB, 100 %
2026/09/09 12:38:25.696, 32853 MiB, 46068 MiB, 99 %
2026/09/09 12:38:30.697, 32853 MiB, 46068 MiB, 99 %
2026/09/09 12:38:35.699, 32853 MiB, 46068 MiB, 99 %
2026/09/09 12:38:40.700, 32853 MiB, 46068 MiB, 99 %
2026/09/09 12:38:45.702, 32853 MiB, 46068 MiB, 99 %
2026/09/09 12:38:50.703, 32853 MiB, 46068 MiB, 99 %
2026/09/09 12:38:55.705, 32853 MiB, 46068 MiB, 99 %
2026/09/09 12:39:00.707, 32853 MiB, 46068 MiB, 100 %
2026/09/09 12:39:05.708, 32853 MiB, 46068 MiB, 99 %
2026/09/09 12:39:10.710, 32853 MiB, 46068 MiB, 99 %
2026/09/09 12:39:15.711, 32853 MiB, 46068 MiB, 99 %
2026/09/09 12:39:20.713, 32853 MiB, 46068 MiB, 99 %
2026/09/09 12:39:25.714, 32853 MiB, 46068 MiB, 100 %
2026/09/09 12:39:30.716, 32853 MiB, 46068 MiB, 100 %
2026/09/09 12:39:35.718, 32853 MiB, 46068 MiB, 98 %
2026/09/09 12:39:40.719, 32853 MiB, 46068 MiB, 99 %
2026/09/09 12:39:45.721, 32853 MiB, 46068 MiB, 99 %
2026/09/09 12:39:50.722, 32853 MiB, 46068 MiB, 99 %
2026/09/09 12:39:55.727, 32853 MiB, 46068 MiB, 99 %
2026/09/09 12:40:00.729, 32853 MiB, 46068 MiB, 99 %
2026/09/09 12:40:05.730, 32853 MiB, 46068 MiB, 99 %
2026/09/09 12:40:10.731, 32853 MiB, 46068 MiB, 99 %
2026/09/09 12:40:15.732, 32853 MiB, 46068 MiB, 99 %
2026/09/09 12:40:20.734, 32853 MiB, 46068 MiB, 99 %
2026/09/09 12:40:25.736, 32853 MiB, 46068 MiB, 100 %
2026/09/09 12:40:30.738, 32853 MiB, 46068 MiB, 99 %
2026/09/09 12:40:35.739, 32853 MiB, 46068 MiB, 100 %
2026/09/09 12:40:40.740, 32853 MiB, 46068 MiB, 100 %
2026/09/09 12:40:45.742, 32853 MiB, 46068 MiB, 98 %
2026/09/09 12:40:50.743, 32853 MiB, 46068 MiB, 95 %
2026/09/09 12:40:55.745, 32853 MiB, 46068 MiB, 99 %
2026/09/09 12:41:00.746, 32853 MiB, 46068 MiB, 99 %
2026/09/09 12:41:05.748, 32853 MiB, 46068 MiB, 99 %
2026/09/09 12:41:10.749, 32853 MiB, 46068 MiB, 100 %
2026/09/09 12:41:15.751, 32853 MiB, 46068 MiB, 98 %
2026/09/09 12:41:20.752, 32853 MiB, 46068 MiB, 99 %
2026/09/09 12:41:25.754, 32853 MiB, 46068 MiB, 99 %
2026/09/09 12:41:30.755, 32853 MiB, 46068 MiB, 100 %
2026/09/09 12:41:35.757, 32853 MiB, 46068 MiB, 100 %
2026/09/09 12:41:40.758, 32853 MiB, 46068 MiB, 100 %
2026/09/09 12:41:45.760, 32853 MiB, 46068 MiB, 99 %
2026/09/09 12:41:50.761, 32853 MiB, 46068 MiB, 100 %
2026/09/09 12:41:55.762, 32853 MiB, 46068 MiB, 99 %
2026/09/09 12:42:00.764, 32853 MiB, 46068 MiB, 99 %
2026/09/09 12:42:05.766, 32853 MiB, 46068 MiB, 99 %
2026/09/09 12:42:10.767, 32853 MiB, 46068 MiB, 99 %
2026/09/09 12:42:15.769, 32853 MiB, 46068 MiB, 99 %
2026/09/09 12:42:20.770, 32853 MiB, 46068 MiB, 99 %
2026/09/09 12:42:25.772, 32853 MiB, 46068 MiB, 99 %
2026/09/09 12:42:30.773, 32853 MiB, 46068 MiB, 99 %
2026/09/09 12:42:35.775, 32853 MiB, 46068 MiB, 99 %
2026/09/09 12:42:40.777, 32853 MiB, 46068 MiB, 100 %
2026/09/09 12:42:45.778, 32853 MiB, 46068 MiB, 100 %
2026/09/09 12:42:50.779, 32853 MiB, 46068 MiB, 100 %
2026/09/09 12:42:55.780, 32853 MiB, 46068 MiB, 99 %
2026/09/09 12:43:00.781, 32853 MiB, 46068 MiB, 100 %
2026/09/09 12:43:05.783, 32853 MiB, 46068 MiB, 100 %
2026/09/09 12:43:10.785, 32853 MiB, 46068 MiB, 100 %
2026/09/09 12:43:15.787, 32853 MiB, 46068 MiB, 98 %
2026/09/09 12:43:20.788, 32853 MiB, 46068 MiB, 100 %
2026/09/09 12:43:25.790, 32853 MiB, 46068 MiB, 99 %
2026/09/09 12:43:30.792, 32853 MiB, 46068 MiB, 99 %
2026/09/09 12:43:35.793, 32853 MiB, 46068 MiB, 99 %
2026/09/09 12:43:40.795, 32853 MiB, 46068 MiB, 99 %
2026/09/09 12:43:45.797, 32853 MiB, 46068 MiB, 98 %
2026/09/09 12:43:50.798, 32853 MiB, 46068 MiB, 100 %
2026/09/09 12:43:55.799, 32853 MiB, 46068 MiB, 99 %
2026/09/09 12:44:00.800, 32853 MiB, 46068 MiB, 99 %
2026/09/09 12:44:05.801, 32853 MiB, 46068 MiB, 100 %
2026/09/09 12:44:10.803, 32853 MiB, 46068 MiB, 99 %
2026/09/09 12:44:15.805, 32853 MiB, 46068 MiB, 99 %
2026/09/09 12:44:20.806, 32853 MiB, 46068 MiB, 99 %
2026/09/09 12:44:25.807, 32853 MiB, 46068 MiB, 100 %
2026/09/09 12:44:30.809, 32853 MiB, 46068 MiB, 100 %
2026/09/09 12:44:35.810, 32853 MiB, 46068 MiB, 98 %
2026/09/09 12:44:40.811, 32853 MiB, 46068 MiB, 98 %
2026/09/09 12:44:45.813, 32853 MiB, 46068 MiB, 98 %
2026/09/09 12:44:50.814, 32853 MiB, 46068 MiB, 98 %
2026/09/09 12:44:55.815, 32853 MiB, 46068 MiB, 100 %
2026/09/09 12:45:00.825, 32853 MiB, 46068 MiB, 99 %
2026/09/09 12:45:05.831, 32853 MiB, 46068 MiB, 99 %
2026/09/09 12:45:10.832, 32853 MiB, 46068 MiB, 99 %
2026/09/09 12:45:15.834, 32853 MiB, 46068 MiB, 98 %
2026/09/09 12:45:20.835, 32853 MiB, 46068 MiB, 98 %
2026/09/09 12:45:25.837, 32853 MiB, 46068 MiB, 99 %
2026/09/09 12:45:30.838, 32853 MiB, 46068 MiB, 99 %
2026/09/09 12:45:35.840, 32853 MiB, 46068 MiB, 99 %
2026/09/09 12:45:40.842, 32853 MiB, 46068 MiB, 100 %
2026/09/09 12:45:45.843, 32853 MiB, 46068 MiB, 99 %
2026/09/09 12:45:50.844, 32853 MiB, 46068 MiB, 95 %
2026/09/09 12:45:55.845, 32853 MiB, 46068 MiB, 99 %
2026/09/09 12:46:00.847, 32853 MiB, 46068 MiB, 99 %
2026/09/09 12:46:05.849, 32853 MiB, 46068 MiB, 99 %
2026/09/09 12:46:10.850, 32853 MiB, 46068 MiB, 99 %
2026/09/09 12:46:15.852, 32853 MiB, 46068 MiB, 99 %
2026/09/09 12:46:20.854, 32853 MiB, 46068 MiB, 99 %
2026/09/09 12:46:25.855, 32853 MiB, 46068 MiB, 99 %
2026/09/09 12:46:30.856, 32853 MiB, 46068 MiB, 99 %
2026/09/09 12:46:35.858, 32853 MiB, 46068 MiB, 100 %
2026/09/09 12:46:40.859, 32853 MiB, 46068 MiB, 100 %
2026/09/09 12:46:45.861, 32853 MiB, 46068 MiB, 99 %
2026/09/09 12:46:50.862, 32853 MiB, 46068 MiB, 99 %
2026/09/09 12:46:55.863, 32853 MiB, 46068 MiB, 100 %
2026/09/09 12:47:00.865, 32853 MiB, 46068 MiB, 99 %
2026/09/09 12:47:05.866, 32853 MiB, 46068 MiB, 100 %
2026/09/09 12:47:10.868, 32853 MiB, 46068 MiB, 100 %
2026/09/09 12:47:15.869, 32853 MiB, 46068 MiB, 100 %
2026/09/09 12:47:20.871, 32853 MiB, 46068 MiB, 99 %
2026/09/09 12:47:25.872, 32853 MiB, 46068 MiB, 99 %
2026/09/09 12:47:30.873, 32853 MiB, 46068 MiB, 99 %
2026/09/09 12:47:35.875, 32853 MiB, 46068 MiB, 98 %
2026/09/09 12:47:40.876, 32853 MiB, 46068 MiB, 99 %
2026/09/09 12:47:45.878, 32853 MiB, 46068 MiB, 99 %
2026/09/09 12:47:50.880, 32853 MiB, 46068 MiB, 99 %
2026/09/09 12:47:55.882, 32853 MiB, 46068 MiB, 100 %
2026/09/09 12:48:00.885, 32853 MiB, 46068 MiB, 98 %
2026/09/09 12:48:05.886, 32853 MiB, 46068 MiB, 100 %
2026/09/09 12:48:10.888, 32853 MiB, 46068 MiB, 100 %
2026/09/09 12:48:15.890, 32853 MiB, 46068 MiB, 100 %
2026/09/09 12:48:20.891, 32853 MiB, 46068 MiB, 99 %
2026/09/09 12:48:25.893, 32853 MiB, 46068 MiB, 99 %
2026/09/09 12:48:30.894, 32853 MiB, 46068 MiB, 99 %
2026/09/09 12:48:35.896, 32853 MiB, 46068 MiB, 98 %
2026/09/09 12:48:40.897, 32853 MiB, 46068 MiB, 99 %
2026/09/09 12:48:45.898, 32853 MiB, 46068 MiB, 100 %
2026/09/09 12:48:50.900, 32853 MiB, 46068 MiB, 100 %
2026/09/09 12:48:55.902, 32853 MiB, 46068 MiB, 98 %
2026/09/09 12:49:00.903, 32853 MiB, 46068 MiB, 99 %
2026/09/09 12:49:05.905, 32853 MiB, 46068 MiB, 99 %
2026/09/09 12:49:10.906, 1 MiB, 46068 MiB, 15 %
2026/09/09 12:49:15.908, 1 MiB, 46068 MiB, 0 %
2026/09/09 12:49:20.909, 1 MiB, 46068 MiB, 0 %
2026/09/09 12:49:25.910, 1 MiB, 46068 MiB, 0 %
2026/09/09 12:49:30.911, 1 MiB, 46068 MiB, 0 %
2026/09/09 12:49:35.913, 1 MiB, 46068 MiB, 0 %
2026/09/09 12:49:40.914, 1 MiB, 46068 MiB, 0 %
2026/09/09 12:49:45.915, 1 MiB, 46068 MiB, 0 %
2026/09/09 12:49:50.917, 1115 MiB, 46068 MiB, 0 %
2026/09/09 12:49:55.918, 1115 MiB, 46068 MiB, 0 %
2026/09/09 12:50:00.924, 1115 MiB, 46068 MiB, 0 %
2026/09/09 12:50:05.925, 1115 MiB, 46068 MiB, 0 %
2026/09/09 12:50:10.926, 1115 MiB, 46068 MiB, 0 %
2026/09/09 12:50:15.927, 1115 MiB, 46068 MiB, 0 %
2026/09/09 12:50:20.929, 1115 MiB, 46068 MiB, 0 %
2026/09/09 12:50:25.930, 1115 MiB, 46068 MiB, 0 %
2026/09/09 12:50:30.931, 1115 MiB, 46068 MiB, 0 %
2026/09/09 12:50:35.932, 1115 MiB, 46068 MiB, 0 %
2026/09/09 12:50:40.934, 1115 MiB, 46068 MiB, 0 %
2026/09/09 12:50:45.935, 1115 MiB, 46068 MiB, 0 %
2026/09/09 12:50:50.936, 1115 MiB, 46068 MiB, 0 %
2026/09/09 12:50:55.937, 1115 MiB, 46068 MiB, 0 %
2026/09/09 12:51:00.939, 1115 MiB, 46068 MiB, 0 %
2026/09/09 12:51:05.940, 1115 MiB, 46068 MiB, 0 %
2026/09/09 12:51:10.941, 1115 MiB, 46068 MiB, 0 %
2026/09/09 12:51:15.942, 1115 MiB, 46068 MiB, 0 %
2026/09/09 12:51:20.944, 1115 MiB, 46068 MiB, 0 %
2026/09/09 12:51:25.945, 1115 MiB, 46068 MiB, 0 %
2026/09/09 12:51:30.946, 1115 MiB, 46068 MiB, 0 %
2026/09/09 12:51:35.947, 1115 MiB, 46068 MiB, 0 %
2026/09/09 12:51:40.948, 1115 MiB, 46068 MiB, 0 %
2026/09/09 12:51:45.949, 1115 MiB, 46068 MiB, 0 %
2026/09/09 12:51:50.950, 1115 MiB, 46068 MiB, 0 %
2026/09/09 12:51:55.951, 1115 MiB, 46068 MiB, 0 %
2026/09/09 12:52:00.953, 1115 MiB, 46068 MiB, 0 %
2026/09/09 12:52:05.954, 1115 MiB, 46068 MiB, 0 %
2026/09/09 12:52:10.956, 1115 MiB, 46068 MiB, 0 %
2026/09/09 12:52:15.957, 1115 MiB, 46068 MiB, 0 %
2026/09/09 12:52:20.959, 1115 MiB, 46068 MiB, 0 %
2026/09/09 12:52:25.960, 1115 MiB, 46068 MiB, 0 %
2026/09/09 12:52:30.961, 1115 MiB, 46068 MiB, 0 %
2026/09/09 12:52:35.962, 1115 MiB, 46068 MiB, 0 %
2026/09/09 12:52:40.964, 1115 MiB, 46068 MiB, 0 %
2026/09/09 12:52:45.965, 1115 MiB, 46068 MiB, 0 %
2026/09/09 12:52:50.966, 1115 MiB, 46068 MiB, 0 %
2026/09/09 12:52:55.968, 1115 MiB, 46068 MiB, 0 %
2026/09/09 12:53:00.969, 1115 MiB, 46068 MiB, 0 %
2026/09/09 12:53:05.971, 1115 MiB, 46068 MiB, 0 %
2026/09/09 12:53:10.972, 1115 MiB, 46068 MiB, 0 %
2026/09/09 12:53:15.973, 1115 MiB, 46068 MiB, 0 %
2026/09/09 12:53:20.975, 1115 MiB, 46068 MiB, 0 %
2026/09/09 12:53:25.976, 1115 MiB, 46068 MiB, 0 %
2026/09/09 12:53:30.977, 1115 MiB, 46068 MiB, 0 %
2026/09/09 12:53:35.978, 1115 MiB, 46068 MiB, 0 %
2026/09/09 12:53:40.980, 1115 MiB, 46068 MiB, 0 %
2026/09/09 12:53:45.981, 1115 MiB, 46068 MiB, 0 %
2026/09/09 12:53:50.982, 1115 MiB, 46068 MiB, 0 %
2026/09/09 12:53:55.983, 1115 MiB, 46068 MiB, 0 %
2026/09/09 12:54:00.984, 1115 MiB, 46068 MiB, 0 %
2026/09/09 12:54:05.986, 1115 MiB, 46068 MiB, 0 %
2026/09/09 12:54:10.987, 1115 MiB, 46068 MiB, 0 %
2026/09/09 12:54:15.988, 1115 MiB, 46068 MiB, 0 %
2026/09/09 12:54:20.989, 1115 MiB, 46068 MiB, 0 %
2026/09/09 12:54:25.991, 1115 MiB, 46068 MiB, 0 %
2026/09/09 12:54:30.992, 1115 MiB, 46068 MiB, 0 %
2026/09/09 12:54:35.993, 1115 MiB, 46068 MiB, 0 %
2026/09/09 12:54:40.995, 1115 MiB, 46068 MiB, 0 %
2026/09/09 12:54:45.996, 1115 MiB, 46068 MiB, 0 %
2026/09/09 12:54:50.997, 1115 MiB, 46068 MiB, 0 %
2026/09/09 12:54:55.999, 1115 MiB, 46068 MiB, 0 %
2026/09/09 12:55:01.029, 1115 MiB, 46068 MiB, 0 %
2026/09/09 12:55:06.031, 1115 MiB, 46068 MiB, 0 %
2026/09/09 12:55:11.033, 1115 MiB, 46068 MiB, 0 %
2026/09/09 12:55:16.034, 1115 MiB, 46068 MiB, 0 %
2026/09/09 12:55:21.035, 1115 MiB, 46068 MiB, 0 %
2026/09/09 12:55:26.036, 1115 MiB, 46068 MiB, 0 %
2026/09/09 12:55:31.038, 1115 MiB, 46068 MiB, 0 %
2026/09/09 12:55:36.039, 1115 MiB, 46068 MiB, 0 %
2026/09/09 12:55:41.040, 1115 MiB, 46068 MiB, 0 %
2026/09/09 12:55:46.041, 1115 MiB, 46068 MiB, 0 %
2026/09/09 12:55:51.042, 1115 MiB, 46068 MiB, 0 %
2026/09/09 12:55:56.043, 1115 MiB, 46068 MiB, 0 %
2026/09/09 12:56:01.045, 1115 MiB, 46068 MiB, 0 %
2026/09/09 12:56:06.046, 1115 MiB, 46068 MiB, 0 %
2026/09/09 12:56:11.047, 1115 MiB, 46068 MiB, 0 %
2026/09/09 12:56:16.048, 1115 MiB, 46068 MiB, 0 %
2026/09/09 12:56:21.049, 1115 MiB, 46068 MiB, 0 %
2026/09/09 12:56:26.051, 1115 MiB, 46068 MiB, 0 %
2026/09/09 12:56:31.052, 1115 MiB, 46068 MiB, 0 %
2026/09/09 12:56:36.053, 1115 MiB, 46068 MiB, 0 %
2026/09/09 12:56:41.054, 1115 MiB, 46068 MiB, 0 %
2026/09/09 12:56:46.055, 1115 MiB, 46068 MiB, 0 %
2026/09/09 12:56:51.057, 1115 MiB, 46068 MiB, 0 %
2026/09/09 12:56:56.058, 1115 MiB, 46068 MiB, 0 %
2026/09/09 12:57:01.059, 1115 MiB, 46068 MiB, 0 %
2026/09/09 12:57:06.060, 1115 MiB, 46068 MiB, 0 %
2026/09/09 12:57:11.061, 1115 MiB, 46068 MiB, 0 %
2026/09/09 12:57:16.062, 1115 MiB, 46068 MiB, 0 %
2026/09/09 12:57:21.064, 1115 MiB, 46068 MiB, 0 %
2026/09/09 12:57:26.065, 1115 MiB, 46068 MiB, 0 %
2026/09/09 12:57:31.066, 1115 MiB, 46068 MiB, 0 %
2026/09/09 12:57:36.067, 1115 MiB, 46068 MiB, 0 %
2026/09/09 12:57:41.069, 1115 MiB, 46068 MiB, 0 %
2026/09/09 12:57:46.070, 1115 MiB, 46068 MiB, 0 %
2026/09/09 12:57:51.071, 1115 MiB, 46068 MiB, 0 %
2026/09/09 12:57:56.072, 1115 MiB, 46068 MiB, 0 %
2026/09/09 12:58:01.073, 1115 MiB, 46068 MiB, 0 %
2026/09/09 12:58:06.075, 1115 MiB, 46068 MiB, 0 %
2026/09/09 12:58:11.076, 1115 MiB, 46068 MiB, 0 %
2026/09/09 12:58:16.078, 1115 MiB, 46068 MiB, 0 %
2026/09/09 12:58:21.079, 1115 MiB, 46068 MiB, 0 %
2026/09/09 12:58:26.080, 1115 MiB, 46068 MiB, 0 %
2026/09/09 12:58:31.081, 1115 MiB, 46068 MiB, 0 %
2026/09/09 12:58:36.082, 1115 MiB, 46068 MiB, 0 %
2026/09/09 12:58:41.084, 1115 MiB, 46068 MiB, 0 %
2026/09/09 12:58:46.085, 1115 MiB, 46068 MiB, 0 %
2026/09/09 12:58:51.086, 1115 MiB, 46068 MiB, 0 %
2026/09/09 12:58:56.088, 1115 MiB, 46068 MiB, 0 %
2026/09/09 12:59:01.089, 1115 MiB, 46068 MiB, 0 %
2026/09/09 12:59:06.090, 1115 MiB, 46068 MiB, 0 %
2026/09/09 12:59:11.091, 1115 MiB, 46068 MiB, 0 %
2026/09/09 12:59:16.092, 1115 MiB, 46068 MiB, 0 %
2026/09/09 12:59:21.094, 1115 MiB, 46068 MiB, 0 %
2026/09/09 12:59:26.095, 1115 MiB, 46068 MiB, 0 %
2026/09/09 12:59:31.096, 1115 MiB, 46068 MiB, 0 %
2026/09/09 12:59:36.097, 1115 MiB, 46068 MiB, 0 %
2026/09/09 12:59:41.099, 1115 MiB, 46068 MiB, 0 %
2026/09/09 12:59:46.100, 1115 MiB, 46068 MiB, 0 %
2026/09/09 12:59:51.101, 3675 MiB, 46068 MiB, 6 %
2026/09/09 12:59:56.102, 5217 MiB, 46068 MiB, 95 %
2026/09/09 13:00:01.103, 5217 MiB, 46068 MiB, 97 %
2026/09/09 13:00:06.105, 5217 MiB, 46068 MiB, 100 %
2026/09/09 13:00:11.106, 5217 MiB, 46068 MiB, 96 %
2026/09/09 13:00:16.108, 5217 MiB, 46068 MiB, 100 %
2026/09/09 13:00:21.109, 5217 MiB, 46068 MiB, 96 %
2026/09/09 13:00:26.111, 5217 MiB, 46068 MiB, 100 %
2026/09/09 13:00:31.112, 5217 MiB, 46068 MiB, 96 %
2026/09/09 13:00:36.113, 5217 MiB, 46068 MiB, 100 %
2026/09/09 13:00:41.115, 5217 MiB, 46068 MiB, 100 %
2026/09/09 13:00:46.116, 5217 MiB, 46068 MiB, 100 %
2026/09/09 13:00:51.118, 5217 MiB, 46068 MiB, 100 %
2026/09/09 13:00:56.119, 5217 MiB, 46068 MiB, 95 %
2026/09/09 13:01:01.120, 5217 MiB, 46068 MiB, 100 %
2026/09/09 13:01:06.121, 5217 MiB, 46068 MiB, 100 %
2026/09/09 13:01:11.123, 5217 MiB, 46068 MiB, 100 %
2026/09/09 13:01:16.124, 5217 MiB, 46068 MiB, 95 %
2026/09/09 13:01:21.128, 5217 MiB, 46068 MiB, 100 %
2026/09/09 13:01:26.130, 5217 MiB, 46068 MiB, 100 %
2026/09/09 13:01:31.131, 5217 MiB, 46068 MiB, 100 %
2026/09/09 13:01:36.132, 5217 MiB, 46068 MiB, 93 %
2026/09/09 13:01:41.133, 5217 MiB, 46068 MiB, 100 %
2026/09/09 13:01:46.134, 5217 MiB, 46068 MiB, 100 %
2026/09/09 13:01:51.136, 5217 MiB, 46068 MiB, 100 %
2026/09/09 13:01:56.137, 5217 MiB, 46068 MiB, 100 %
2026/09/09 13:02:01.138, 5217 MiB, 46068 MiB, 100 %
2026/09/09 13:02:06.139, 5217 MiB, 46068 MiB, 95 %
2026/09/09 13:02:11.141, 5217 MiB, 46068 MiB, 100 %
2026/09/09 13:02:16.142, 5217 MiB, 46068 MiB, 100 %
2026/09/09 13:02:21.143, 5217 MiB, 46068 MiB, 100 %
2026/09/09 13:02:26.144, 5217 MiB, 46068 MiB, 100 %
2026/09/09 13:02:31.146, 5217 MiB, 46068 MiB, 100 %
2026/09/09 13:02:36.148, 5217 MiB, 46068 MiB, 100 %
2026/09/09 13:02:41.149, 5217 MiB, 46068 MiB, 100 %
2026/09/09 13:02:46.150, 5217 MiB, 46068 MiB, 95 %
2026/09/09 13:02:51.151, 5217 MiB, 46068 MiB, 100 %
2026/09/09 13:02:56.153, 5217 MiB, 46068 MiB, 95 %
2026/09/09 13:03:01.155, 5217 MiB, 46068 MiB, 100 %
